angle,k,t0,comments
c3-c3-c3,125.8,111.51,"GAFF 1.81, from gaff-1.81.dat (AmberTools 24.8) c3-c3-c3"
c3-c3-hc,92.6,109.8,"GAFF 1.81, from gaff-1.81.dat (AmberTools 24.8) c3-c3-hc"
c3-c3-ca,126.2,112.07,"GAFF 1.81, from gaff-1.81.dat (AmberTools 24.8) c3-c3-ca"
c3-c3-cp,126.2,112.07,"GAFF 1.81, from gaff-1.81.dat (AmberTools 24.8) c3-c3-ca (cp as ca)"
c3-ca-c3,124.6,116.8,"GAFF 1.81, from gaff-1.81.dat (AmberTools 24.8) c3-ca-c3"
c3-ca-ca,127,120.77,"GAFF 1.81, from gaff-1.81.dat (AmberTools 24.8) c3-ca-ca"
c3-ca-cp,126.8,120.63,"GAFF 1.81, from gaff-1.81.dat (AmberTools 24.8) c3-ca-cp"
c3-cp-c3,124.6,116.8,"GAFF 1.81, from gaff-1.81.dat (AmberTools 24.8) c3-ca-c3 (cp as ca)"
c3-cp-ca,127,120.77,"GAFF 1.81, from gaff-1.81.dat (AmberTools 24.8) c3-ca-ca (cp as ca)"
c3-cp-cp,126.8,120.63,"GAFF 1.81, from gaff-1.81.dat (AmberTools 24.8) c3-ca-cp (cp as ca)"
hc-c3-c3,92.6,109.8,"GAFF 1.81, from gaff-1.81.dat (AmberTools 24.8) hc-c3-c3"
hc-c3-hc,78.8,107.58,"GAFF 1.81, from gaff-1.81.dat (AmberTools 24.8) hc-c3-hc"
hc-c3-ca,93.6,110.47,"GAFF 1.81, from gaff-1.81.dat (AmberTools 24.8) hc-c3-ca"
hc-c3-cp,93.6,110.47,"GAFF 1.81, from gaff-1.81.dat (AmberTools 24.8) hc-c3-ca (cp as ca)"
ca-c3-c3,126.2,112.07,"GAFF 1.81, from gaff-1.81.dat (AmberTools 24.8) ca-c3-c3"
ca-c3-hc,93.6,110.47,"GAFF 1.81, from gaff-1.81.dat (AmberTools 24.8) ca-c3-hc"
ca-c3-ca,127.2,112.24,"GAFF 1.81, from gaff-1.81.dat (AmberTools 24.8) ca-c3-ca"
ca-c3-cp,127.2,112.24,"GAFF 1.81, from gaff-1.81.dat (AmberTools 24.8) ca-c3-ca (cp as ca)"
ca-ca-c3,127,120.77,"GAFF 1.81, from gaff-1.81.dat (AmberTools 24.8) ca-ca-c3"
ca-ca-ca,133.2,120.02,"GAFF 1.81, from gaff-1.81.dat (AmberTools 24.8) ca-ca-ca"
ca-ca-cp,132.6,120.69,"GAFF 1.81, from gaff-1.81.dat (AmberTools 24.8) ca-ca-cp"
ca-ca-ha,96.4,119.88,"GAFF 1.81, from gaff-1.81.dat (AmberTools 24.8) ca-ca-ha"
ca-cp-c3,127,120.77,"GAFF 1.81, from gaff-1.81.dat (AmberTools 24.8) ca-ca-c3 (cp as ca)"
ca-cp-ca,133.4,118.38,"GAFF 1.81, from gaff-1.81.dat (AmberTools 24.8) ca-cp-ca"
ca-cp-cp,128,121.11,"GAFF 1.81, from gaff-1.81.dat (AmberTools 24.8) ca-cp-cp"
ca-cp-ha,96.4,119.88,"GAFF 1.81, from gaff-1.81.dat (AmberTools 24.8) ca-ca-ha (cp as ca)"
cp-c3-c3,126.2,112.07,"GAFF 1.81, from gaff-1.81.dat (AmberTools 24.8) ca-c3-c3 (cp as ca)"
cp-c3-hc,93.6,110.47,"GAFF 1.81, from gaff-1.81.dat (AmberTools 24.8) ca-c3-hc (cp as ca)"
cp-c3-ca,127.2,112.24,"GAFF 1.81, from gaff-1.81.dat (AmberTools 24.8) ca-c3-ca (cp as ca)"
cp-c3-cp,127.2,112.24,"GAFF 1.81, from gaff-1.81.dat (AmberTools 24.8) ca-c3-ca (cp as ca)"
cp-ca-c3,126.8,120.63,"GAFF 1.81, from gaff-1.81.dat (AmberTools 24.8) cp-ca-c3"
cp-ca-ca,132.6,120.69,"GAFF 1.81, from gaff-1.81.dat (AmberTools 24.8) cp-ca-ca"
cp-ca-cp,132.6,120.69,"GAFF 1.81, from gaff-1.81.dat (AmberTools 24.8) cp-ca-ca (cp as ca)"
cp-ca-ha,96,119.86,"GAFF 1.81, from gaff-1.81.dat (AmberTools 24.8) cp-ca-ha"
cp-cp-c3,126.8,120.63,"GAFF 1.81, from gaff-1.81.dat (AmberTools 24.8) cp-ca-c3 (cp as ca)"
cp-cp-ca,128,121.11,"GAFF 1.81, from gaff-1.81.dat (AmberTools 24.8) cp-cp-ca"
cp-cp-cp,144.8,90,"GAFF 1.81, from gaff-1.81.dat (AmberTools 24.8) cp-cp-cp"
cp-cp-ha,96,119.86,"GAFF 1.81, from gaff-1.81.dat (AmberTools 24.8) cp-ca-ha (cp as ca)"
ha-ca-ca,96.4,119.88,"GAFF 1.81, from gaff-1.81.dat (AmberTools 24.8) ha-ca-ca"
ha-ca-cp,96,119.86,"GAFF 1.81, from gaff-1.81.dat (AmberTools 24.8) ha-ca-cp"
ha-cp-ca,96.4,119.88,"GAFF 1.81, from gaff-1.81.dat (AmberTools 24.8) ha-ca-ca (cp as ca)"
ha-cp-cp,96,119.86,"GAFF 1.81, from gaff-1.81.dat (AmberTools 24.8) ha-ca-cp (cp as ca)"
