dihedral,k,d,n,comments
ca-ca-ca-ca,7.25,-1,2,"GAFF 1.81, from gaff-1.81.dat (AmberTools 24.8) X-ca-ca-X"
ca-ca-ca-ha,7.25,-1,2,"GAFF 1.81, from gaff-1.81.dat (AmberTools 24.8) X-ca-ca-X"
ca-ca-ca-cp,7.25,-1,2,"GAFF 1.81, from gaff-1.81.dat (AmberTools 24.8) X-ca-ca-X"
ca-ca-ca-nb,7.25,-1,2,"GAFF 1.81, from gaff-1.81.dat (AmberTools 24.8) X-ca-ca-X"
ca-ca-ca-cg,7.25,-1,2,"GAFF 1.81, from gaff-1.81.dat (AmberTools 24.8) X-ca-ca-X"
ca-ca-ca-ch,7.25,-1,2,"GAFF 1.81, from gaff-1.81.dat (AmberTools 24.8) X-ca-ca-X"
ca-ca-cp-ca,7.25,-1,2,"GAFF 1.81, from gaff-1.81.dat (AmberTools 24.8) X-ca-cp-X"
ca-ca-cp-ha,7.25,-1,2,"GAFF 1.81, from gaff-1.81.dat (AmberTools 24.8) X-ca-cp-X"
ca-ca-cp-cp,7.25,-1,2,"GAFF 1.81, from gaff-1.81.dat (AmberTools 24.8) X-ca-cp-X"
ca-ca-cp-nb,7.25,-1,2,"GAFF 1.81, from gaff-1.81.dat (AmberTools 24.8) X-ca-cp-X"
ca-ca-cp-cg,7.25,-1,2,"GAFF 1.81, from gaff-1.81.dat (AmberTools 24.8) X-ca-cp-X"
ca-ca-cp-ch,7.25,-1,2,"GAFF 1.81, from gaff-1.81.dat (AmberTools 24.8) X-ca-cp-X"
ca-ca-nb-ca,9.6,-1,2,"GAFF 1.81, from gaff-1.81.dat (AmberTools 24.8) X-ca-nb-X"
ca-ca-nb-ha,9.6,-1,2,"GAFF 1.81, from gaff-1.81.dat (AmberTools 24.8) X-ca-nb-X"
ca-ca-nb-cp,9.6,-1,2,"GAFF 1.81, from gaff-1.81.dat (AmberTools 24.8) X-ca-nb-X"
ca-ca-nb-nb,9.6,-1,2,"GAFF 1.81, from gaff-1.81.dat (AmberTools 24.8) X-ca-nb-X"
ca-ca-nb-cg,9.6,-1,2,"GAFF 1.81, from gaff-1.81.dat (AmberTools 24.8) X-ca-nb-X"
ca-ca-nb-ch,9.6,-1,2,"GAFF 1.81, from gaff-1.81.dat (AmberTools 24.8) X-ca-nb-X"
ca-ca-cg-ca,0,-1,2,"GAFF 1.81, from gaff-1.81.dat (AmberTools 24.8) X-c1-ca-X (cg as c1)"
ca-ca-cg-ha,0,-1,2,"GAFF 1.81, from gaff-1.81.dat (AmberTools 24.8) X-c1-ca-X (cg as c1)"
ca-ca-cg-cp,0,-1,2,"GAFF 1.81, from gaff-1.81.dat (AmberTools 24.8) X-c1-ca-X (cg as c1)"
ca-ca-cg-nb,0,-1,2,"GAFF 1.81, from gaff-1.81.dat (AmberTools 24.8) X-c1-ca-X (cg as c1)"
ca-ca-cg-cg,0,-1,2,"GAFF 1.81, from gaff-1.81.dat (AmberTools 24.8) X-c1-ca-X (cg as c1)"
ca-ca-cg-ch,0,-1,2,"GAFF 1.81, from gaff-1.81.dat (AmberTools 24.8) X-c1-ca-X (cg as c1)"
ca-ca-ch-ca,0,-1,2,"GAFF 1.81, from gaff-1.81.dat (AmberTools 24.8) X-c1-ca-X (ch as c1)"
ca-ca-ch-ha,0,-1,2,"GAFF 1.81, from gaff-1.81.dat (AmberTools 24.8) X-c1-ca-X (ch as c1)"
ca-ca-ch-cp,0,-1,2,"GAFF 1.81, from gaff-1.81.dat (AmberTools 24.8) X-c1-ca-X (ch as c1)"
ca-ca-ch-nb,0,-1,2,"GAFF 1.81, from gaff-1.81.dat (AmberTools 24.8) X-c1-ca-X (ch as c1)"
ca-ca-ch-cg,0,-1,2,"GAFF 1.81, from gaff-1.81.dat (AmberTools 24.8) X-c1-ca-X (ch as c1)"
ca-ca-ch-ch,0,-1,2,"GAFF 1.81, from gaff-1.81.dat (AmberTools 24.8) X-c1-ca-X (ch as c1)"
ca-cp-ca-ca,7.25,-1,2,"GAFF 1.81, from gaff-1.81.dat (AmberTools 24.8) X-ca-cp-X"
ca-cp-ca-ha,7.25,-1,2,"GAFF 1.81, from gaff-1.81.dat (AmberTools 24.8) X-ca-cp-X"
ca-cp-ca-cp,7.25,-1,2,"GAFF 1.81, from gaff-1.81.dat (AmberTools 24.8) X-ca-cp-X"
ca-cp-ca-nb,7.25,-1,2,"GAFF 1.81, from gaff-1.81.dat (AmberTools 24.8) X-ca-cp-X"
ca-cp-ca-cg,7.25,-1,2,"GAFF 1.81, from gaff-1.81.dat (AmberTools 24.8) X-ca-cp-X"
ca-cp-ca-ch,7.25,-1,2,"GAFF 1.81, from gaff-1.81.dat (AmberTools 24.8) X-ca-cp-X"
ca-cp-cp-ca,2,-1,2,"GAFF 1.81, from gaff-1.81.dat (AmberTools 24.8) X-cp-cp-X"
ca-cp-cp-ha,2,-1,2,"GAFF 1.81, from gaff-1.81.dat (AmberTools 24.8) X-cp-cp-X"
ca-cp-cp-cp,2,-1,2,"GAFF 1.81, from gaff-1.81.dat (AmberTools 24.8) X-cp-cp-X"
ca-cp-cp-nb,2,-1,2,"GAFF 1.81, from gaff-1.81.dat (AmberTools 24.8) X-cp-cp-X"
ca-cp-cp-cg,2,-1,2,"GAFF 1.81, from gaff-1.81.dat (AmberTools 24.8) X-cp-cp-X"
ca-cp-cp-ch,2,-1,2,"GAFF 1.81, from gaff-1.81.dat (AmberTools 24.8) X-cp-cp-X"
ca-cp-nb-ca,9.6,-1,2,"GAFF 1.81, from gaff-1.81.dat (AmberTools 24.8) X-ca-nb-X (cp as ca)"
ca-cp-nb-ha,9.6,-1,2,"GAFF 1.81, from gaff-1.81.dat (AmberTools 24.8) X-ca-nb-X (cp as ca)"
ca-cp-nb-cp,9.6,-1,2,"GAFF 1.81, from gaff-1.81.dat (AmberTools 24.8) X-ca-nb-X (cp as ca)"
ca-cp-nb-nb,9.6,-1,2,"GAFF 1.81, from gaff-1.81.dat (AmberTools 24.8) X-ca-nb-X (cp as ca)"
ca-cp-nb-cg,9.6,-1,2,"GAFF 1.81, from gaff-1.81.dat (AmberTools 24.8) X-ca-nb-X (cp as ca)"
ca-cp-nb-ch,9.6,-1,2,"GAFF 1.81, from gaff-1.81.dat (AmberTools 24.8) X-ca-nb-X (cp as ca)"
ca-cp-cg-ca,0,-1,2,"GAFF 1.81, from gaff-1.81.dat (AmberTools 24.8) X-c1-ca-X (cg as c1, cp as ca)"
ca-cp-cg-ha,0,-1,2,"GAFF 1.81, from gaff-1.81.dat (AmberTools 24.8) X-c1-ca-X (cg as c1, cp as ca)"
ca-cp-cg-cp,0,-1,2,"GAFF 1.81, from gaff-1.81.dat (AmberTools 24.8) X-c1-ca-X (cg as c1, cp as ca)"
ca-cp-cg-nb,0,-1,2,"GAFF 1.81, from gaff-1.81.dat (AmberTools 24.8) X-c1-ca-X (cg as c1, cp as ca)"
ca-cp-cg-cg,0,-1,2,"GAFF 1.81, from gaff-1.81.dat (AmberTools 24.8) X-c1-ca-X (cg as c1, cp as ca)"
ca-cp-cg-ch,0,-1,2,"GAFF 1.81, from gaff-1.81.dat (AmberTools 24.8) X-c1-ca-X (cg as c1, cp as ca)"
ca-cp-ch-ca,0,-1,2,"GAFF 1.81, from gaff-1.81.dat (AmberTools 24.8) X-c1-ca-X (ch as c1, cp as ca)"
ca-cp-ch-ha,0,-1,2,"GAFF 1.81, from gaff-1.81.dat (AmberTools 24.8) X-c1-ca-X (ch as c1, cp as ca)"
ca-cp-ch-cp,0,-1,2,"GAFF 1.81, from gaff-1.81.dat (AmberTools 24.8) X-c1-ca-X (ch as c1, cp as ca)"
ca-cp-ch-nb,0,-1,2,"GAFF 1.81, from gaff-1.81.dat (AmberTools 24.8) X-c1-ca-X (ch as c1, cp as ca)"
ca-cp-ch-cg,0,-1,2,"GAFF 1.81, from gaff-1.81.dat (AmberTools 24.8) X-c1-ca-X (ch as c1, cp as ca)"
ca-cp-ch-ch,0,-1,2,"GAFF 1.81, from gaff-1.81.dat (AmberTools 24.8) X-c1-ca-X (ch as c1, cp as ca)"
ca-nb-ca-ca,9.6,-1,2,"GAFF 1.81, from gaff-1.81.dat (AmberTools 24.8) X-ca-nb-X"
ca-nb-ca-ha,9.6,-1,2,"GAFF 1.81, from gaff-1.81.dat (AmberTools 24.8) X-ca-nb-X"
ca-nb-ca-cp,9.6,-1,2,"GAFF 1.81, from gaff-1.81.dat (AmberTools 24.8) X-ca-nb-X"
ca-nb-ca-nb,9.6,-1,2,"GAFF 1.81, from gaff-1.81.dat (AmberTools 24.8) X-ca-nb-X"
ca-nb-ca-cg,9.6,-1,2,"GAFF 1.81, from gaff-1.81.dat (AmberTools 24.8) X-ca-nb-X"
ca-nb-ca-ch,9.6,-1,2,"GAFF 1.81, from gaff-1.81.dat (AmberTools 24.8) X-ca-nb-X"
ca-nb-cp-ca,9.6,-1,2,"GAFF 1.81, from gaff-1.81.dat (AmberTools 24.8) X-ca-nb-X (cp as ca)"
ca-nb-cp-ha,9.6,-1,2,"GAFF 1.81, from gaff-1.81.dat (AmberTools 24.8) X-ca-nb-X (cp as ca)"
ca-nb-cp-cp,9.6,-1,2,"GAFF 1.81, from gaff-1.81.dat (AmberTools 24.8) X-ca-nb-X (cp as ca)"
ca-nb-cp-nb,9.6,-1,2,"GAFF 1.81, from gaff-1.81.dat (AmberTools 24.8) X-ca-nb-X (cp as ca)"
ca-nb-cp-cg,9.6,-1,2,"GAFF 1.81, from gaff-1.81.dat (AmberTools 24.8) X-ca-nb-X (cp as ca)"
ca-nb-cp-ch,9.6,-1,2,"GAFF 1.81, from gaff-1.81.dat (AmberTools 24.8) X-ca-nb-X (cp as ca)"
ca-nb-cg-ca,0,-1,2,"GAFF 1.81, from gaff-1.81.dat (AmberTools 24.8) X-c1-nb-X (cg as c1)"
ca-nb-cg-ha,0,-1,2,"GAFF 1.81, from gaff-1.81.dat (AmberTools 24.8) X-c1-nb-X (cg as c1)"
ca-nb-cg-cp,0,-1,2,"GAFF 1.81, from gaff-1.81.dat (AmberTools 24.8) X-c1-nb-X (cg as c1)"
ca-nb-cg-nb,0,-1,2,"GAFF 1.81, from gaff-1.81.dat (AmberTools 24.8) X-c1-nb-X (cg as c1)"
ca-nb-cg-cg,0,-1,2,"GAFF 1.81, from gaff-1.81.dat (AmberTools 24.8) X-c1-nb-X (cg as c1)"
ca-nb-cg-ch,0,-1,2,"GAFF 1.81, from gaff-1.81.dat (AmberTools 24.8) X-c1-nb-X (cg as c1)"
ca-nb-ch-ca,0,-1,2,"GAFF 1.81, from gaff-1.81.dat (AmberTools 24.8) X-c1-nb-X (ch as c1)"
ca-nb-ch-ha,0,-1,2,"GAFF 1.81, from gaff-1.81.dat (AmberTools 24.8) X-c1-nb-X (ch as c1)"
ca-nb-ch-cp,0,-1,2,"GAFF 1.81, from gaff-1.81.dat (AmberTools 24.8) X-c1-nb-X (ch as c1)"
ca-nb-ch-nb,0,-1,2,"GAFF 1.81, from gaff-1.81.dat (AmberTools 24.8) X-c1-nb-X (ch as c1)"
ca-nb-ch-cg,0,-1,2,"GAFF 1.81, from gaff-1.81.dat (AmberTools 24.8) X-c1-nb-X (ch as c1)"
ca-nb-ch-ch,0,-1,2,"GAFF 1.81, from gaff-1.81.dat (AmberTools 24.8) X-c1-nb-X (ch as c1)"
ca-cg-ca-ca,0,-1,2,"GAFF 1.81, from gaff-1.81.dat (AmberTools 24.8) X-c1-ca-X (cg as c1)"
ca-cg-ca-ha,0,-1,2,"GAFF 1.81, from gaff-1.81.dat (AmberTools 24.8) X-c1-ca-X (cg as c1)"
ca-cg-ca-cp,0,-1,2,"GAFF 1.81, from gaff-1.81.dat (AmberTools 24.8) X-c1-ca-X (cg as c1)"
ca-cg-ca-nb,0,-1,2,"GAFF 1.81, from gaff-1.81.dat (AmberTools 24.8) X-c1-ca-X (cg as c1)"
ca-cg-ca-cg,0,-1,2,"GAFF 1.81, from gaff-1.81.dat (AmberTools 24.8) X-c1-ca-X (cg as c1)"
ca-cg-ca-ch,0,-1,2,"GAFF 1.81, from gaff-1.81.dat (AmberTools 24.8) X-c1-ca-X (cg as c1)"
ca-cg-cp-ca,0,-1,2,"GAFF 1.81, from gaff-1.81.dat (AmberTools 24.8) X-c1-ca-X (cg as c1, cp as ca)"
ca-cg-cp-ha,0,-1,2,"GAFF 1.81, from gaff-1.81.dat (AmberTools 24.8) X-c1-ca-X (cg as c1, cp as ca)"
ca-cg-cp-cp,0,-1,2,"GAFF 1.81, from gaff-1.81.dat (AmberTools 24.8) X-c1-ca-X (cg as c1, cp as ca)"
ca-cg-cp-nb,0,-1,2,"GAFF 1.81, from gaff-1.81.dat (AmberTools 24.8) X-c1-ca-X (cg as c1, cp as ca)"
ca-cg-cp-cg,0,-1,2,"GAFF 1.81, from gaff-1.81.dat (AmberTools 24.8) X-c1-ca-X (cg as c1, cp as ca)"
ca-cg-cp-ch,0,-1,2,"GAFF 1.81, from gaff-1.81.dat (AmberTools 24.8) X-c1-ca-X (cg as c1, cp as ca)"
ca-cg-nb-ca,0,-1,2,"GAFF 1.81, from gaff-1.81.dat (AmberTools 24.8) X-c1-nb-X (cg as c1)"
ca-cg-nb-ha,0,-1,2,"GAFF 1.81, from gaff-1.81.dat (AmberTools 24.8) X-c1-nb-X (cg as c1)"
ca-cg-nb-cp,0,-1,2,"GAFF 1.81, from gaff-1.81.dat (AmberTools 24.8) X-c1-nb-X (cg as c1)"
ca-cg-nb-nb,0,-1,2,"GAFF 1.81, from gaff-1.81.dat (AmberTools 24.8) X-c1-nb-X (cg as c1)"
ca-cg-nb-cg,0,-1,2,"GAFF 1.81, from gaff-1.81.dat (AmberTools 24.8) X-c1-nb-X (cg as c1)"
ca-cg-nb-ch,0,-1,2,"GAFF 1.81, from gaff-1.81.dat (AmberTools 24.8) X-c1-nb-X (cg as c1)"
ca-cg-cg-ca,0,-1,2,"GAFF 1.81, from gaff-1.81.dat (AmberTools 24.8) X-cg-cg-X"
ca-cg-cg-ha,0,-1,2,"GAFF 1.81, from gaff-1.81.dat (AmberTools 24.8) X-cg-cg-X"
ca-cg-cg-cp,0,-1,2,"GAFF 1.81, from gaff-1.81.dat (AmberTools 24.8) X-cg-cg-X"
ca-cg-cg-nb,0,-1,2,"GAFF 1.81, from gaff-1.81.dat (AmberTools 24.8) X-cg-cg-X"
ca-cg-cg-cg,0,-1,2,"GAFF 1.81, from gaff-1.81.dat (AmberTools 24.8) X-cg-cg-X"
ca-cg-cg-ch,0,-1,2,"GAFF 1.81, from gaff-1.81.dat (AmberTools 24.8) X-cg-cg-X"
ca-cg-ch-ca,0,-1,2,"GAFF 1.81, from gaff-1.81.dat (AmberTools 24.8) X-cg-ch-X"
ca-cg-ch-ha,0,-1,2,"GAFF 1.81, from gaff-1.81.dat (AmberTools 24.8) X-cg-ch-X"
ca-cg-ch-cp,0,-1,2,"GAFF 1.81, from gaff-1.81.dat (AmberTools 24.8) X-cg-ch-X"
ca-cg-ch-nb,0,-1,2,"GAFF 1.81, from gaff-1.81.dat (AmberTools 24.8) X-cg-ch-X"
ca-cg-ch-cg,0,-1,2,"GAFF 1.81, from gaff-1.81.dat (AmberTools 24.8) X-cg-ch-X"
ca-cg-ch-ch,0,-1,2,"GAFF 1.81, from gaff-1.81.dat (AmberTools 24.8) X-cg-ch-X"
ca-ch-ca-ca,0,-1,2,"GAFF 1.81, from gaff-1.81.dat (AmberTools 24.8) X-c1-ca-X (ch as c1)"
ca-ch-ca-ha,0,-1,2,"GAFF 1.81, from gaff-1.81.dat (AmberTools 24.8) X-c1-ca-X (ch as c1)"
ca-ch-ca-cp,0,-1,2,"GAFF 1.81, from gaff-1.81.dat (AmberTools 24.8) X-c1-ca-X (ch as c1)"
ca-ch-ca-nb,0,-1,2,"GAFF 1.81, from gaff-1.81.dat (AmberTools 24.8) X-c1-ca-X (ch as c1)"
ca-ch-ca-cg,0,-1,2,"GAFF 1.81, from gaff-1.81.dat (AmberTools 24.8) X-c1-ca-X (ch as c1)"
ca-ch-ca-ch,0,-1,2,"GAFF 1.81, from gaff-1.81.dat (AmberTools 24.8) X-c1-ca-X (ch as c1)"
ca-ch-cp-ca,0,-1,2,"GAFF 1.81, from gaff-1.81.dat (AmberTools 24.8) X-c1-ca-X (ch as c1, cp as ca)"
ca-ch-cp-ha,0,-1,2,"GAFF 1.81, from gaff-1.81.dat (AmberTools 24.8) X-c1-ca-X (ch as c1, cp as ca)"
ca-ch-cp-cp,0,-1,2,"GAFF 1.81, from gaff-1.81.dat (AmberTools 24.8) X-c1-ca-X (ch as c1, cp as ca)"
ca-ch-cp-nb,0,-1,2,"GAFF 1.81, from gaff-1.81.dat (AmberTools 24.8) X-c1-ca-X (ch as c1, cp as ca)"
ca-ch-cp-cg,0,-1,2,"GAFF 1.81, from gaff-1.81.dat (AmberTools 24.8) X-c1-ca-X (ch as c1, cp as ca)"
ca-ch-cp-ch,0,-1,2,"GAFF 1.81, from gaff-1.81.dat (AmberTools 24.8) X-c1-ca-X (ch as c1, cp as ca)"
ca-ch-nb-ca,0,-1,2,"GAFF 1.81, from gaff-1.81.dat (AmberTools 24.8) X-c1-nb-X (ch as c1)"
ca-ch-nb-ha,0,-1,2,"GAFF 1.81, from gaff-1.81.dat (AmberTools 24.8) X-c1-nb-X (ch as c1)"
ca-ch-nb-cp,0,-1,2,"GAFF 1.81, from gaff-1.81.dat (AmberTools 24.8) X-c1-nb-X (ch as c1)"
ca-ch-nb-nb,0,-1,2,"GAFF 1.81, from gaff-1.81.dat (AmberTools 24.8) X-c1-nb-X (ch as c1)"
ca-ch-nb-cg,0,-1,2,"GAFF 1.81, from gaff-1.81.dat (AmberTools 24.8) X-c1-nb-X (ch as c1)"
ca-ch-nb-ch,0,-1,2,"GAFF 1.81, from gaff-1.81.dat (AmberTools 24.8) X-c1-nb-X (ch as c1)"
ca-ch-cg-ca,0,-1,2,"GAFF 1.81, from gaff-1.81.dat (AmberTools 24.8) X-cg-ch-X"
ca-ch-cg-ha,0,-1,2,"GAFF 1.81, from gaff-1.81.dat (AmberTools 24.8) X-cg-ch-X"
ca-ch-cg-cp,0,-1,2,"GAFF 1.81, from gaff-1.81.dat (AmberTools 24.8) X-cg-ch-X"
ca-ch-cg-nb,0,-1,2,"GAFF 1.81, from gaff-1.81.dat (AmberTools 24.8) X-cg-ch-X"
ca-ch-cg-cg,0,-1,2,"GAFF 1.81, from gaff-1.81.dat (AmberTools 24.8) X-cg-ch-X"
ca-ch-cg-ch,0,-1,2,"GAFF 1.81, from gaff-1.81.dat (AmberTools 24.8) X-cg-ch-X"
ca-ch-ch-ca,0,-1,2,"GAFF 1.81, from gaff-1.81.dat (AmberTools 24.8) X-ch-ch-X"
ca-ch-ch-ha,0,-1,2,"GAFF 1.81, from gaff-1.81.dat (AmberTools 24.8) X-ch-ch-X"
ca-ch-ch-cp,0,-1,2,"GAFF 1.81, from gaff-1.81.dat (AmberTools 24.8) X-ch-ch-X"
ca-ch-ch-nb,0,-1,2,"GAFF 1.81, from gaff-1.81.dat (AmberTools 24.8) X-ch-ch-X"
ca-ch-ch-cg,0,-1,2,"GAFF 1.81, from gaff-1.81.dat (AmberTools 24.8) X-ch-ch-X"
ca-ch-ch-ch,0,-1,2,"GAFF 1.81, from gaff-1.81.dat (AmberTools 24.8) X-ch-ch-X"
ha-ca-ca-ca,7.25,-1,2,"GAFF 1.81, from gaff-1.81.dat (AmberTools 24.8) X-ca-ca-X"
ha-ca-ca-ha,7.25,-1,2,"GAFF 1.81, from gaff-1.81.dat (AmberTools 24.8) X-ca-ca-X"
ha-ca-ca-cp,7.25,-1,2,"GAFF 1.81, from gaff-1.81.dat (AmberTools 24.8) X-ca-ca-X"
ha-ca-ca-nb,7.25,-1,2,"GAFF 1.81, from gaff-1.81.dat (AmberTools 24.8) X-ca-ca-X"
ha-ca-ca-cg,7.25,-1,2,"GAFF 1.81, from gaff-1.81.dat (AmberTools 24.8) X-ca-ca-X"
ha-ca-ca-ch,7.25,-1,2,"GAFF 1.81, from gaff-1.81.dat (AmberTools 24.8) X-ca-ca-X"
ha-ca-cp-ca,7.25,-1,2,"GAFF 1.81, from gaff-1.81.dat (AmberTools 24.8) X-ca-cp-X"
ha-ca-cp-ha,7.25,-1,2,"GAFF 1.81, from gaff-1.81.dat (AmberTools 24.8) X-ca-cp-X"
ha-ca-cp-cp,7.25,-1,2,"GAFF 1.81, from gaff-1.81.dat (AmberTools 24.8) X-ca-cp-X"
ha-ca-cp-nb,7.25,-1,2,"GAFF 1.81, from gaff-1.81.dat (AmberTools 24.8) X-ca-cp-X"
ha-ca-cp-cg,7.25,-1,2,"GAFF 1.81, from gaff-1.81.dat (AmberTools 24.8) X-ca-cp-X"
ha-ca-cp-ch,7.25,-1,2,"GAFF 1.81, from gaff-1.81.dat (AmberTools 24.8) X-ca-cp-X"
ha-ca-nb-ca,9.6,-1,2,"GAFF 1.81, from gaff-1.81.dat (AmberTools 24.8) X-ca-nb-X"
ha-ca-nb-ha,9.6,-1,2,"GAFF 1.81, from gaff-1.81.dat (AmberTools 24.8) X-ca-nb-X"
ha-ca-nb-cp,9.6,-1,2,"GAFF 1.81, from gaff-1.81.dat (AmberTools 24.8) X-ca-nb-X"
ha-ca-nb-nb,9.6,-1,2,"GAFF 1.81, from gaff-1.81.dat (AmberTools 24.8) X-ca-nb-X"
ha-ca-nb-cg,9.6,-1,2,"GAFF 1.81, from gaff-1.81.dat (AmberTools 24.8) X-ca-nb-X"
ha-ca-nb-ch,9.6,-1,2,"GAFF 1.81, from gaff-1.81.dat (AmberTools 24.8) X-ca-nb-X"
ha-ca-cg-ca,0,-1,2,"GAFF 1.81, from gaff-1.81.dat (AmberTools 24.8) X-c1-ca-X (cg as c1)"
ha-ca-cg-ha,0,-1,2,"GAFF 1.81, from gaff-1.81.dat (AmberTools 24.8) X-c1-ca-X (cg as c1)"
ha-ca-cg-cp,0,-1,2,"GAFF 1.81, from gaff-1.81.dat (AmberTools 24.8) X-c1-ca-X (cg as c1)"
ha-ca-cg-nb,0,-1,2,"GAFF 1.81, from gaff-1.81.dat (AmberTools 24.8) X-c1-ca-X (cg as c1)"
ha-ca-cg-cg,0,-1,2,"GAFF 1.81, from gaff-1.81.dat (AmberTools 24.8) X-c1-ca-X (cg as c1)"
ha-ca-cg-ch,0,-1,2,"GAFF 1.81, from gaff-1.81.dat (AmberTools 24.8) X-c1-ca-X (cg as c1)"
ha-ca-ch-ca,0,-1,2,"GAFF 1.81, from gaff-1.81.dat (AmberTools 24.8) X-c1-ca-X (ch as c1)"
ha-ca-ch-ha,0,-1,2,"GAFF 1.81, from gaff-1.81.dat (AmberTools 24.8) X-c1-ca-X (ch as c1)"
ha-ca-ch-cp,0,-1,2,"GAFF 1.81, from gaff-1.81.dat (AmberTools 24.8) X-c1-ca-X (ch as c1)"
ha-ca-ch-nb,0,-1,2,"GAFF 1.81, from gaff-1.81.dat (AmberTools 24.8) X-c1-ca-X (ch as c1)"
ha-ca-ch-cg,0,-1,2,"GAFF 1.81, from gaff-1.81.dat (AmberTools 24.8) X-c1-ca-X (ch as c1)"
ha-ca-ch-ch,0,-1,2,"GAFF 1.81, from gaff-1.81.dat (AmberTools 24.8) X-c1-ca-X (ch as c1)"
ha-cp-ca-ca,7.25,-1,2,"GAFF 1.81, from gaff-1.81.dat (AmberTools 24.8) X-ca-cp-X"
ha-cp-ca-ha,7.25,-1,2,"GAFF 1.81, from gaff-1.81.dat (AmberTools 24.8) X-ca-cp-X"
ha-cp-ca-cp,7.25,-1,2,"GAFF 1.81, from gaff-1.81.dat (AmberTools 24.8) X-ca-cp-X"
ha-cp-ca-nb,7.25,-1,2,"GAFF 1.81, from gaff-1.81.dat (AmberTools 24.8) X-ca-cp-X"
ha-cp-ca-cg,7.25,-1,2,"GAFF 1.81, from gaff-1.81.dat (AmberTools 24.8) X-ca-cp-X"
ha-cp-ca-ch,7.25,-1,2,"GAFF 1.81, from gaff-1.81.dat (AmberTools 24.8) X-ca-cp-X"
ha-cp-cp-ca,2,-1,2,"GAFF 1.81, from gaff-1.81.dat (AmberTools 24.8) X-cp-cp-X"
ha-cp-cp-ha,2,-1,2,"GAFF 1.81, from gaff-1.81.dat (AmberTools 24.8) X-cp-cp-X"
ha-cp-cp-cp,2,-1,2,"GAFF 1.81, from gaff-1.81.dat (AmberTools 24.8) X-cp-cp-X"
ha-cp-cp-nb,2,-1,2,"GAFF 1.81, from gaff-1.81.dat (AmberTools 24.8) X-cp-cp-X"
ha-cp-cp-cg,2,-1,2,"GAFF 1.81, from gaff-1.81.dat (AmberTools 24.8) X-cp-cp-X"
ha-cp-cp-ch,2,-1,2,"GAFF 1.81, from gaff-1.81.dat (AmberTools 24.8) X-cp-cp-X"
ha-cp-nb-ca,9.6,-1,2,"GAFF 1.81, from gaff-1.81.dat (AmberTools 24.8) X-ca-nb-X (cp as ca)"
ha-cp-nb-ha,9.6,-1,2,"GAFF 1.81, from gaff-1.81.dat (AmberTools 24.8) X-ca-nb-X (cp as ca)"
ha-cp-nb-cp,9.6,-1,2,"GAFF 1.81, from gaff-1.81.dat (AmberTools 24.8) X-ca-nb-X (cp as ca)"
ha-cp-nb-nb,9.6,-1,2,"GAFF 1.81, from gaff-1.81.dat (AmberTools 24.8) X-ca-nb-X (cp as ca)"
ha-cp-nb-cg,9.6,-1,2,"GAFF 1.81, from gaff-1.81.dat (AmberTools 24.8) X-ca-nb-X (cp as ca)"
ha-cp-nb-ch,9.6,-1,2,"GAFF 1.81, from gaff-1.81.dat (AmberTools 24.8) X-ca-nb-X (cp as ca)"
ha-cp-cg-ca,0,-1,2,"GAFF 1.81, from gaff-1.81.dat (AmberTools 24.8) X-c1-ca-X (cg as c1, cp as ca)"
ha-cp-cg-ha,0,-1,2,"GAFF 1.81, from gaff-1.81.dat (AmberTools 24.8) X-c1-ca-X (cg as c1, cp as ca)"
ha-cp-cg-cp,0,-1,2,"GAFF 1.81, from gaff-1.81.dat (AmberTools 24.8) X-c1-ca-X (cg as c1, cp as ca)"
ha-cp-cg-nb,0,-1,2,"GAFF 1.81, from gaff-1.81.dat (AmberTools 24.8) X-c1-ca-X (cg as c1, cp as ca)"
ha-cp-cg-cg,0,-1,2,"GAFF 1.81, from gaff-1.81.dat (AmberTools 24.8) X-c1-ca-X (cg as c1, cp as ca)"
ha-cp-cg-ch,0,-1,2,"GAFF 1.81, from gaff-1.81.dat (AmberTools 24.8) X-c1-ca-X (cg as c1, cp as ca)"
ha-cp-ch-ca,0,-1,2,"GAFF 1.81, from gaff-1.81.dat (AmberTools 24.8) X-c1-ca-X (ch as c1, cp as ca)"
ha-cp-ch-ha,0,-1,2,"GAFF 1.81, from gaff-1.81.dat (AmberTools 24.8) X-c1-ca-X (ch as c1, cp as ca)"
ha-cp-ch-cp,0,-1,2,"GAFF 1.81, from gaff-1.81.dat (AmberTools 24.8) X-c1-ca-X (ch as c1, cp as ca)"
ha-cp-ch-nb,0,-1,2,"GAFF 1.81, from gaff-1.81.dat (AmberTools 24.8) X-c1-ca-X (ch as c1, cp as ca)"
ha-cp-ch-cg,0,-1,2,"GAFF 1.81, from gaff-1.81.dat (AmberTools 24.8) X-c1-ca-X (ch as c1, cp as ca)"
ha-cp-ch-ch,0,-1,2,"GAFF 1.81, from gaff-1.81.dat (AmberTools 24.8) X-c1-ca-X (ch as c1, cp as ca)"
ha-nb-ca-ca,9.6,-1,2,"GAFF 1.81, from gaff-1.81.dat (AmberTools 24.8) X-ca-nb-X"
ha-nb-ca-ha,9.6,-1,2,"GAFF 1.81, from gaff-1.81.dat (AmberTools 24.8) X-ca-nb-X"
ha-nb-ca-cp,9.6,-1,2,"GAFF 1.81, from gaff-1.81.dat (AmberTools 24.8) X-ca-nb-X"
ha-nb-ca-nb,9.6,-1,2,"GAFF 1.81, from gaff-1.81.dat (AmberTools 24.8) X-ca-nb-X"
ha-nb-ca-cg,9.6,-1,2,"GAFF 1.81, from gaff-1.81.dat (AmberTools 24.8) X-ca-nb-X"
ha-nb-ca-ch,9.6,-1,2,"GAFF 1.81, from gaff-1.81.dat (AmberTools 24.8) X-ca-nb-X"
ha-nb-cp-ca,9.6,-1,2,"GAFF 1.81, from gaff-1.81.dat (AmberTools 24.8) X-ca-nb-X (cp as ca)"
ha-nb-cp-ha,9.6,-1,2,"GAFF 1.81, from gaff-1.81.dat (AmberTools 24.8) X-ca-nb-X (cp as ca)"
ha-nb-cp-cp,9.6,-1,2,"GAFF 1.81, from gaff-1.81.dat (AmberTools 24.8) X-ca-nb-X (cp as ca)"
ha-nb-cp-nb,9.6,-1,2,"GAFF 1.81, from gaff-1.81.dat (AmberTools 24.8) X-ca-nb-X (cp as ca)"
ha-nb-cp-cg,9.6,-1,2,"GAFF 1.81, from gaff-1.81.dat (AmberTools 24.8) X-ca-nb-X (cp as ca)"
ha-nb-cp-ch,9.6,-1,2,"GAFF 1.81, from gaff-1.81.dat (AmberTools 24.8) X-ca-nb-X (cp as ca)"
ha-nb-cg-ca,0,-1,2,"GAFF 1.81, from gaff-1.81.dat (AmberTools 24.8) X-c1-nb-X (cg as c1)"
ha-nb-cg-ha,0,-1,2,"GAFF 1.81, from gaff-1.81.dat (AmberTools 24.8) X-c1-nb-X (cg as c1)"
ha-nb-cg-cp,0,-1,2,"GAFF 1.81, from gaff-1.81.dat (AmberTools 24.8) X-c1-nb-X (cg as c1)"
ha-nb-cg-nb,0,-1,2,"GAFF 1.81, from gaff-1.81.dat (AmberTools 24.8) X-c1-nb-X (cg as c1)"
ha-nb-cg-cg,0,-1,2,"GAFF 1.81, from gaff-1.81.dat (AmberTools 24.8) X-c1-nb-X (cg as c1)"
ha-nb-cg-ch,0,-1,2,"GAFF 1.81, from gaff-1.81.dat (AmberTools 24.8) X-c1-nb-X (cg as c1)"
ha-nb-ch-ca,0,-1,2,"GAFF 1.81, from gaff-1.81.dat (AmberTools 24.8) X-c1-nb-X (ch as c1)"
ha-nb-ch-ha,0,-1,2,"GAFF 1.81, from gaff-1.81.dat (AmberTools 24.8) X-c1-nb-X (ch as c1)"
ha-nb-ch-cp,0,-1,2,"GAFF 1.81, from gaff-1.81.dat (AmberTools 24.8) X-c1-nb-X (ch as c1)"
ha-nb-ch-nb,0,-1,2,"GAFF 1.81, from gaff-1.81.dat (AmberTools 24.8) X-c1-nb-X (ch as c1)"
ha-nb-ch-cg,0,-1,2,"GAFF 1.81, from gaff-1.81.dat (AmberTools 24.8) X-c1-nb-X (ch as c1)"
ha-nb-ch-ch,0,-1,2,"GAFF 1.81, from gaff-1.81.dat (AmberTools 24.8) X-c1-nb-X (ch as c1)"
ha-cg-ca-ca,0,-1,2,"GAFF 1.81, from gaff-1.81.dat (AmberTools 24.8) X-c1-ca-X (cg as c1)"
ha-cg-ca-ha,0,-1,2,"GAFF 1.81, from gaff-1.81.dat (AmberTools 24.8) X-c1-ca-X (cg as c1)"
ha-cg-ca-cp,0,-1,2,"GAFF 1.81, from gaff-1.81.dat (AmberTools 24.8) X-c1-ca-X (cg as c1)"
ha-cg-ca-nb,0,-1,2,"GAFF 1.81, from gaff-1.81.dat (AmberTools 24.8) X-c1-ca-X (cg as c1)"
ha-cg-ca-cg,0,-1,2,"GAFF 1.81, from gaff-1.81.dat (AmberTools 24.8) X-c1-ca-X (cg as c1)"
ha-cg-ca-ch,0,-1,2,"GAFF 1.81, from gaff-1.81.dat (AmberTools 24.8) X-c1-ca-X (cg as c1)"
ha-cg-cp-ca,0,-1,2,"GAFF 1.81, from gaff-1.81.dat (AmberTools 24.8) X-c1-ca-X (cg as c1, cp as ca)"
ha-cg-cp-ha,0,-1,2,"GAFF 1.81, from gaff-1.81.dat (AmberTools 24.8) X-c1-ca-X (cg as c1, cp as ca)"
ha-cg-cp-cp,0,-1,2,"GAFF 1.81, from gaff-1.81.dat (AmberTools 24.8) X-c1-ca-X (cg as c1, cp as ca)"
ha-cg-cp-nb,0,-1,2,"GAFF 1.81, from gaff-1.81.dat (AmberTools 24.8) X-c1-ca-X (cg as c1, cp as ca)"
ha-cg-cp-cg,0,-1,2,"GAFF 1.81, from gaff-1.81.dat (AmberTools 24.8) X-c1-ca-X (cg as c1, cp as ca)"
ha-cg-cp-ch,0,-1,2,"GAFF 1.81, from gaff-1.81.dat (AmberTools 24.8) X-c1-ca-X (cg as c1, cp as ca)"
ha-cg-nb-ca,0,-1,2,"GAFF 1.81, from gaff-1.81.dat (AmberTools 24.8) X-c1-nb-X (cg as c1)"
ha-cg-nb-ha,0,-1,2,"GAFF 1.81, from gaff-1.81.dat (AmberTools 24.8) X-c1-nb-X (cg as c1)"
ha-cg-nb-cp,0,-1,2,"GAFF 1.81, from gaff-1.81.dat (AmberTools 24.8) X-c1-nb-X (cg as c1)"
ha-cg-nb-nb,0,-1,2,"GAFF 1.81, from gaff-1.81.dat (AmberTools 24.8) X-c1-nb-X (cg as c1)"
ha-cg-nb-cg,0,-1,2,"GAFF 1.81, from gaff-1.81.dat (AmberTools 24.8) X-c1-nb-X (cg as c1)"
ha-cg-nb-ch,0,-1,2,"GAFF 1.81, from gaff-1.81.dat (AmberTools 24.8) X-c1-nb-X (cg as c1)"
ha-cg-cg-ca,0,-1,2,"GAFF 1.81, from gaff-1.81.dat (AmberTools 24.8) X-cg-cg-X"
ha-cg-cg-ha,0,-1,2,"GAFF 1.81, from gaff-1.81.dat (AmberTools 24.8) X-cg-cg-X"
ha-cg-cg-cp,0,-1,2,"GAFF 1.81, from gaff-1.81.dat (AmberTools 24.8) X-cg-cg-X"
ha-cg-cg-nb,0,-1,2,"GAFF 1.81, from gaff-1.81.dat (AmberTools 24.8) X-cg-cg-X"
ha-cg-cg-cg,0,-1,2,"GAFF 1.81, from gaff-1.81.dat (AmberTools 24.8) X-cg-cg-X"
ha-cg-cg-ch,0,-1,2,"GAFF 1.81, from gaff-1.81.dat (AmberTools 24.8) X-cg-cg-X"
ha-cg-ch-ca,0,-1,2,"GAFF 1.81, from gaff-1.81.dat (AmberTools 24.8) X-cg-ch-X"
ha-cg-ch-ha,0,-1,2,"GAFF 1.81, from gaff-1.81.dat (AmberTools 24.8) X-cg-ch-X"
ha-cg-ch-cp,0,-1,2,"GAFF 1.81, from gaff-1.81.dat (AmberTools 24.8) X-cg-ch-X"
ha-cg-ch-nb,0,-1,2,"GAFF 1.81, from gaff-1.81.dat (AmberTools 24.8) X-cg-ch-X"
ha-cg-ch-cg,0,-1,2,"GAFF 1.81, from gaff-1.81.dat (AmberTools 24.8) X-cg-ch-X"
ha-cg-ch-ch,0,-1,2,"GAFF 1.81, from gaff-1.81.dat (AmberTools 24.8) X-cg-ch-X"
ha-ch-ca-ca,0,-1,2,"GAFF 1.81, from gaff-1.81.dat (AmberTools 24.8) X-c1-ca-X (ch as c1)"
ha-ch-ca-ha,0,-1,2,"GAFF 1.81, from gaff-1.81.dat (AmberTools 24.8) X-c1-ca-X (ch as c1)"
ha-ch-ca-cp,0,-1,2,"GAFF 1.81, from gaff-1.81.dat (AmberTools 24.8) X-c1-ca-X (ch as c1)"
ha-ch-ca-nb,0,-1,2,"GAFF 1.81, from gaff-1.81.dat (AmberTools 24.8) X-c1-ca-X (ch as c1)"
ha-ch-ca-cg,0,-1,2,"GAFF 1.81, from gaff-1.81.dat (AmberTools 24.8) X-c1-ca-X (ch as c1)"
ha-ch-ca-ch,0,-1,2,"GAFF 1.81, from gaff-1.81.dat (AmberTools 24.8) X-c1-ca-X (ch as c1)"
ha-ch-cp-ca,0,-1,2,"GAFF 1.81, from gaff-1.81.dat (AmberTools 24.8) X-c1-ca-X (ch as c1, cp as ca)"
ha-ch-cp-ha,0,-1,2,"GAFF 1.81, from gaff-1.81.dat (AmberTools 24.8) X-c1-ca-X (ch as c1, cp as ca)"
ha-ch-cp-cp,0,-1,2,"GAFF 1.81, from gaff-1.81.dat (AmberTools 24.8) X-c1-ca-X (ch as c1, cp as ca)"
ha-ch-cp-nb,0,-1,2,"GAFF 1.81, from gaff-1.81.dat (AmberTools 24.8) X-c1-ca-X (ch as c1, cp as ca)"
ha-ch-cp-cg,0,-1,2,"GAFF 1.81, from gaff-1.81.dat (AmberTools 24.8) X-c1-ca-X (ch as c1, cp as ca)"
ha-ch-cp-ch,0,-1,2,"GAFF 1.81, from gaff-1.81.dat (AmberTools 24.8) X-c1-ca-X (ch as c1, cp as ca)"
ha-ch-nb-ca,0,-1,2,"GAFF 1.81, from gaff-1.81.dat (AmberTools 24.8) X-c1-nb-X (ch as c1)"
ha-ch-nb-ha,0,-1,2,"GAFF 1.81, from gaff-1.81.dat (AmberTools 24.8) X-c1-nb-X (ch as c1)"
ha-ch-nb-cp,0,-1,2,"GAFF 1.81, from gaff-1.81.dat (AmberTools 24.8) X-c1-nb-X (ch as c1)"
ha-ch-nb-nb,0,-1,2,"GAFF 1.81, from gaff-1.81.dat (AmberTools 24.8) X-c1-nb-X (ch as c1)"
ha-ch-nb-cg,0,-1,2,"GAFF 1.81, from gaff-1.81.dat (AmberTools 24.8) X-c1-nb-X (ch as c1)"
ha-ch-nb-ch,0,-1,2,"GAFF 1.81, from gaff-1.81.dat (AmberTools 24.8) X-c1-nb-X (ch as c1)"
ha-ch-cg-ca,0,-1,2,"GAFF 1.81, from gaff-1.81.dat (AmberTools 24.8) X-cg-ch-X"
ha-ch-cg-ha,0,-1,2,"GAFF 1.81, from gaff-1.81.dat (AmberTools 24.8) X-cg-ch-X"
ha-ch-cg-cp,0,-1,2,"GAFF 1.81, from gaff-1.81.dat (AmberTools 24.8) X-cg-ch-X"
ha-ch-cg-nb,0,-1,2,"GAFF 1.81, from gaff-1.81.dat (AmberTools 24.8) X-cg-ch-X"
ha-ch-cg-cg,0,-1,2,"GAFF 1.81, from gaff-1.81.dat (AmberTools 24.8) X-cg-ch-X"
ha-ch-cg-ch,0,-1,2,"GAFF 1.81, from gaff-1.81.dat (AmberTools 24.8) X-cg-ch-X"
ha-ch-ch-ca,0,-1,2,"GAFF 1.81, from gaff-1.81.dat (AmberTools 24.8) X-ch-ch-X"
ha-ch-ch-ha,0,-1,2,"GAFF 1.81, from gaff-1.81.dat (AmberTools 24.8) X-ch-ch-X"
ha-ch-ch-cp,0,-1,2,"GAFF 1.81, from gaff-1.81.dat (AmberTools 24.8) X-ch-ch-X"
ha-ch-ch-nb,0,-1,2,"GAFF 1.81, from gaff-1.81.dat (AmberTools 24.8) X-ch-ch-X"
ha-ch-ch-cg,0,-1,2,"GAFF 1.81, from gaff-1.81.dat (AmberTools 24.8) X-ch-ch-X"
ha-ch-ch-ch,0,-1,2,"GAFF 1.81, from gaff-1.81.dat (AmberTools 24.8) X-ch-ch-X"
cp-ca-ca-ca,7.25,-1,2,"GAFF 1.81, from gaff-1.81.dat (AmberTools 24.8) X-ca-ca-X"
cp-ca-ca-ha,7.25,-1,2,"GAFF 1.81, from gaff-1.81.dat (AmberTools 24.8) X-ca-ca-X"
cp-ca-ca-cp,7.25,-1,2,"GAFF 1.81, from gaff-1.81.dat (AmberTools 24.8) X-ca-ca-X"
cp-ca-ca-nb,7.25,-1,2,"GAFF 1.81, from gaff-1.81.dat (AmberTools 24.8) X-ca-ca-X"
cp-ca-ca-cg,7.25,-1,2,"GAFF 1.81, from gaff-1.81.dat (AmberTools 24.8) X-ca-ca-X"
cp-ca-ca-ch,7.25,-1,2,"GAFF 1.81, from gaff-1.81.dat (AmberTools 24.8) X-ca-ca-X"
cp-ca-cp-ca,7.25,-1,2,"GAFF 1.81, from gaff-1.81.dat (AmberTools 24.8) X-ca-cp-X"
cp-ca-cp-ha,7.25,-1,2,"GAFF 1.81, from gaff-1.81.dat (AmberTools 24.8) X-ca-cp-X"
cp-ca-cp-cp,7.25,-1,2,"GAFF 1.81, from gaff-1.81.dat (AmberTools 24.8) X-ca-cp-X"
cp-ca-cp-nb,7.25,-1,2,"GAFF 1.81, from gaff-1.81.dat (AmberTools 24.8) X-ca-cp-X"
cp-ca-cp-cg,7.25,-1,2,"GAFF 1.81, from gaff-1.81.dat (AmberTools 24.8) X-ca-cp-X"
cp-ca-cp-ch,7.25,-1,2,"GAFF 1.81, from gaff-1.81.dat (AmberTools 24.8) X-ca-cp-X"
cp-ca-nb-ca,9.6,-1,2,"GAFF 1.81, from gaff-1.81.dat (AmberTools 24.8) X-ca-nb-X"
cp-ca-nb-ha,9.6,-1,2,"GAFF 1.81, from gaff-1.81.dat (AmberTools 24.8) X-ca-nb-X"
cp-ca-nb-cp,9.6,-1,2,"GAFF 1.81, from gaff-1.81.dat (AmberTools 24.8) X-ca-nb-X"
cp-ca-nb-nb,9.6,-1,2,"GAFF 1.81, from gaff-1.81.dat (AmberTools 24.8) X-ca-nb-X"
cp-ca-nb-cg,9.6,-1,2,"GAFF 1.81, from gaff-1.81.dat (AmberTools 24.8) X-ca-nb-X"
cp-ca-nb-ch,9.6,-1,2,"GAFF 1.81, from gaff-1.81.dat (AmberTools 24.8) X-ca-nb-X"
cp-ca-cg-ca,0,-1,2,"GAFF 1.81, from gaff-1.81.dat (AmberTools 24.8) X-c1-ca-X (cg as c1)"
cp-ca-cg-ha,0,-1,2,"GAFF 1.81, from gaff-1.81.dat (AmberTools 24.8) X-c1-ca-X (cg as c1)"
cp-ca-cg-cp,0,-1,2,"GAFF 1.81, from gaff-1.81.dat (AmberTools 24.8) X-c1-ca-X (cg as c1)"
cp-ca-cg-nb,0,-1,2,"GAFF 1.81, from gaff-1.81.dat (AmberTools 24.8) X-c1-ca-X (cg as c1)"
cp-ca-cg-cg,0,-1,2,"GAFF 1.81, from gaff-1.81.dat (AmberTools 24.8) X-c1-ca-X (cg as c1)"
cp-ca-cg-ch,0,-1,2,"GAFF 1.81, from gaff-1.81.dat (AmberTools 24.8) X-c1-ca-X (cg as c1)"
cp-ca-ch-ca,0,-1,2,"GAFF 1.81, from gaff-1.81.dat (AmberTools 24.8) X-c1-ca-X (ch as c1)"
cp-ca-ch-ha,0,-1,2,"GAFF 1.81, from gaff-1.81.dat (AmberTools 24.8) X-c1-ca-X (ch as c1)"
cp-ca-ch-cp,0,-1,2,"GAFF 1.81, from gaff-1.81.dat (AmberTools 24.8) X-c1-ca-X (ch as c1)"
cp-ca-ch-nb,0,-1,2,"GAFF 1.81, from gaff-1.81.dat (AmberTools 24.8) X-c1-ca-X (ch as c1)"
cp-ca-ch-cg,0,-1,2,"GAFF 1.81, from gaff-1.81.dat (AmberTools 24.8) X-c1-ca-X (ch as c1)"
cp-ca-ch-ch,0,-1,2,"GAFF 1.81, from gaff-1.81.dat (AmberTools 24.8) X-c1-ca-X (ch as c1)"
cp-cp-ca-ca,7.25,-1,2,"GAFF 1.81, from gaff-1.81.dat (AmberTools 24.8) X-ca-cp-X"
cp-cp-ca-ha,7.25,-1,2,"GAFF 1.81, from gaff-1.81.dat (AmberTools 24.8) X-ca-cp-X"
cp-cp-ca-cp,7.25,-1,2,"GAFF 1.81, from gaff-1.81.dat (AmberTools 24.8) X-ca-cp-X"
cp-cp-ca-nb,7.25,-1,2,"GAFF 1.81, from gaff-1.81.dat (AmberTools 24.8) X-ca-cp-X"
cp-cp-ca-cg,7.25,-1,2,"GAFF 1.81, from gaff-1.81.dat (AmberTools 24.8) X-ca-cp-X"
cp-cp-ca-ch,7.25,-1,2,"GAFF 1.81, from gaff-1.81.dat (AmberTools 24.8) X-ca-cp-X"
cp-cp-cp-ca,2,-1,2,"GAFF 1.81, from gaff-1.81.dat (AmberTools 24.8) X-cp-cp-X"
cp-cp-cp-ha,2,-1,2,"GAFF 1.81, from gaff-1.81.dat (AmberTools 24.8) X-cp-cp-X"
cp-cp-cp-cp,2,-1,2,"GAFF 1.81, from gaff-1.81.dat (AmberTools 24.8) X-cp-cp-X"
cp-cp-cp-nb,2,-1,2,"GAFF 1.81, from gaff-1.81.dat (AmberTools 24.8) X-cp-cp-X"
cp-cp-cp-cg,2,-1,2,"GAFF 1.81, from gaff-1.81.dat (AmberTools 24.8) X-cp-cp-X"
cp-cp-cp-ch,2,-1,2,"GAFF 1.81, from gaff-1.81.dat (AmberTools 24.8) X-cp-cp-X"
cp-cp-nb-ca,9.6,-1,2,"GAFF 1.81, from gaff-1.81.dat (AmberTools 24.8) X-ca-nb-X (cp as ca)"
cp-cp-nb-ha,9.6,-1,2,"GAFF 1.81, from gaff-1.81.dat (AmberTools 24.8) X-ca-nb-X (cp as ca)"
cp-cp-nb-cp,9.6,-1,2,"GAFF 1.81, from gaff-1.81.dat (AmberTools 24.8) X-ca-nb-X (cp as ca)"
cp-cp-nb-nb,9.6,-1,2,"GAFF 1.81, from gaff-1.81.dat (AmberTools 24.8) X-ca-nb-X (cp as ca)"
cp-cp-nb-cg,9.6,-1,2,"GAFF 1.81, from gaff-1.81.dat (AmberTools 24.8) X-ca-nb-X (cp as ca)"
cp-cp-nb-ch,9.6,-1,2,"GAFF 1.81, from gaff-1.81.dat (AmberTools 24.8) X-ca-nb-X (cp as ca)"
cp-cp-cg-ca,0,-1,2,"GAFF 1.81, from gaff-1.81.dat (AmberTools 24.8) X-c1-ca-X (cg as c1, cp as ca)"
cp-cp-cg-ha,0,-1,2,"GAFF 1.81, from gaff-1.81.dat (AmberTools 24.8) X-c1-ca-X (cg as c1, cp as ca)"
cp-cp-cg-cp,0,-1,2,"GAFF 1.81, from gaff-1.81.dat (AmberTools 24.8) X-c1-ca-X (cg as c1, cp as ca)"
cp-cp-cg-nb,0,-1,2,"GAFF 1.81, from gaff-1.81.dat (AmberTools 24.8) X-c1-ca-X (cg as c1, cp as ca)"
cp-cp-cg-cg,0,-1,2,"GAFF 1.81, from gaff-1.81.dat (AmberTools 24.8) X-c1-ca-X (cg as c1, cp as ca)"
cp-cp-cg-ch,0,-1,2,"GAFF 1.81, from gaff-1.81.dat (AmberTools 24.8) X-c1-ca-X (cg as c1, cp as ca)"
cp-cp-ch-ca,0,-1,2,"GAFF 1.81, from gaff-1.81.dat (AmberTools 24.8) X-c1-ca-X (ch as c1, cp as ca)"
cp-cp-ch-ha,0,-1,2,"GAFF 1.81, from gaff-1.81.dat (AmberTools 24.8) X-c1-ca-X (ch as c1, cp as ca)"
cp-cp-ch-cp,0,-1,2,"GAFF 1.81, from gaff-1.81.dat (AmberTools 24.8) X-c1-ca-X (ch as c1, cp as ca)"
cp-cp-ch-nb,0,-1,2,"GAFF 1.81, from gaff-1.81.dat (AmberTools 24.8) X-c1-ca-X (ch as c1, cp as ca)"
cp-cp-ch-cg,0,-1,2,"GAFF 1.81, from gaff-1.81.dat (AmberTools 24.8) X-c1-ca-X (ch as c1, cp as ca)"
cp-cp-ch-ch,0,-1,2,"GAFF 1.81, from gaff-1.81.dat (AmberTools 24.8) X-c1-ca-X (ch as c1, cp as ca)"
cp-nb-ca-ca,9.6,-1,2,"GAFF 1.81, from gaff-1.81.dat (AmberTools 24.8) X-ca-nb-X"
cp-nb-ca-ha,9.6,-1,2,"GAFF 1.81, from gaff-1.81.dat (AmberTools 24.8) X-ca-nb-X"
cp-nb-ca-cp,9.6,-1,2,"GAFF 1.81, from gaff-1.81.dat (AmberTools 24.8) X-ca-nb-X"
cp-nb-ca-nb,9.6,-1,2,"GAFF 1.81, from gaff-1.81.dat (AmberTools 24.8) X-ca-nb-X"
cp-nb-ca-cg,9.6,-1,2,"GAFF 1.81, from gaff-1.81.dat (AmberTools 24.8) X-ca-nb-X"
cp-nb-ca-ch,9.6,-1,2,"GAFF 1.81, from gaff-1.81.dat (AmberTools 24.8) X-ca-nb-X"
cp-nb-cp-ca,9.6,-1,2,"GAFF 1.81, from gaff-1.81.dat (AmberTools 24.8) X-ca-nb-X (cp as ca)"
cp-nb-cp-ha,9.6,-1,2,"GAFF 1.81, from gaff-1.81.dat (AmberTools 24.8) X-ca-nb-X (cp as ca)"
cp-nb-cp-cp,9.6,-1,2,"GAFF 1.81, from gaff-1.81.dat (AmberTools 24.8) X-ca-nb-X (cp as ca)"
cp-nb-cp-nb,9.6,-1,2,"GAFF 1.81, from gaff-1.81.dat (AmberTools 24.8) X-ca-nb-X (cp as ca)"
cp-nb-cp-cg,9.6,-1,2,"GAFF 1.81, from gaff-1.81.dat (AmberTools 24.8) X-ca-nb-X (cp as ca)"
cp-nb-cp-ch,9.6,-1,2,"GAFF 1.81, from gaff-1.81.dat (AmberTools 24.8) X-ca-nb-X (cp as ca)"
cp-nb-cg-ca,0,-1,2,"GAFF 1.81, from gaff-1.81.dat (AmberTools 24.8) X-c1-nb-X (cg as c1)"
cp-nb-cg-ha,0,-1,2,"GAFF 1.81, from gaff-1.81.dat (AmberTools 24.8) X-c1-nb-X (cg as c1)"
cp-nb-cg-cp,0,-1,2,"GAFF 1.81, from gaff-1.81.dat (AmberTools 24.8) X-c1-nb-X (cg as c1)"
cp-nb-cg-nb,0,-1,2,"GAFF 1.81, from gaff-1.81.dat (AmberTools 24.8) X-c1-nb-X (cg as c1)"
cp-nb-cg-cg,0,-1,2,"GAFF 1.81, from gaff-1.81.dat (AmberTools 24.8) X-c1-nb-X (cg as c1)"
cp-nb-cg-ch,0,-1,2,"GAFF 1.81, from gaff-1.81.dat (AmberTools 24.8) X-c1-nb-X (cg as c1)"
cp-nb-ch-ca,0,-1,2,"GAFF 1.81, from gaff-1.81.dat (AmberTools 24.8) X-c1-nb-X (ch as c1)"
cp-nb-ch-ha,0,-1,2,"GAFF 1.81, from gaff-1.81.dat (AmberTools 24.8) X-c1-nb-X (ch as c1)"
cp-nb-ch-cp,0,-1,2,"GAFF 1.81, from gaff-1.81.dat (AmberTools 24.8) X-c1-nb-X (ch as c1)"
cp-nb-ch-nb,0,-1,2,"GAFF 1.81, from gaff-1.81.dat (AmberTools 24.8) X-c1-nb-X (ch as c1)"
cp-nb-ch-cg,0,-1,2,"GAFF 1.81, from gaff-1.81.dat (AmberTools 24.8) X-c1-nb-X (ch as c1)"
cp-nb-ch-ch,0,-1,2,"GAFF 1.81, from gaff-1.81.dat (AmberTools 24.8) X-c1-nb-X (ch as c1)"
cp-cg-ca-ca,0,-1,2,"GAFF 1.81, from gaff-1.81.dat (AmberTools 24.8) X-c1-ca-X (cg as c1)"
cp-cg-ca-ha,0,-1,2,"GAFF 1.81, from gaff-1.81.dat (AmberTools 24.8) X-c1-ca-X (cg as c1)"
cp-cg-ca-cp,0,-1,2,"GAFF 1.81, from gaff-1.81.dat (AmberTools 24.8) X-c1-ca-X (cg as c1)"
cp-cg-ca-nb,0,-1,2,"GAFF 1.81, from gaff-1.81.dat (AmberTools 24.8) X-c1-ca-X (cg as c1)"
cp-cg-ca-cg,0,-1,2,"GAFF 1.81, from gaff-1.81.dat (AmberTools 24.8) X-c1-ca-X (cg as c1)"
cp-cg-ca-ch,0,-1,2,"GAFF 1.81, from gaff-1.81.dat (AmberTools 24.8) X-c1-ca-X (cg as c1)"
cp-cg-cp-ca,0,-1,2,"GAFF 1.81, from gaff-1.81.dat (AmberTools 24.8) X-c1-ca-X (cg as c1, cp as ca)"
cp-cg-cp-ha,0,-1,2,"GAFF 1.81, from gaff-1.81.dat (AmberTools 24.8) X-c1-ca-X (cg as c1, cp as ca)"
cp-cg-cp-cp,0,-1,2,"GAFF 1.81, from gaff-1.81.dat (AmberTools 24.8) X-c1-ca-X (cg as c1, cp as ca)"
cp-cg-cp-nb,0,-1,2,"GAFF 1.81, from gaff-1.81.dat (AmberTools 24.8) X-c1-ca-X (cg as c1, cp as ca)"
cp-cg-cp-cg,0,-1,2,"GAFF 1.81, from gaff-1.81.dat (AmberTools 24.8) X-c1-ca-X (cg as c1, cp as ca)"
cp-cg-cp-ch,0,-1,2,"GAFF 1.81, from gaff-1.81.dat (AmberTools 24.8) X-c1-ca-X (cg as c1, cp as ca)"
cp-cg-nb-ca,0,-1,2,"GAFF 1.81, from gaff-1.81.dat (AmberTools 24.8) X-c1-nb-X (cg as c1)"
cp-cg-nb-ha,0,-1,2,"GAFF 1.81, from gaff-1.81.dat (AmberTools 24.8) X-c1-nb-X (cg as c1)"
cp-cg-nb-cp,0,-1,2,"GAFF 1.81, from gaff-1.81.dat (AmberTools 24.8) X-c1-nb-X (cg as c1)"
cp-cg-nb-nb,0,-1,2,"GAFF 1.81, from gaff-1.81.dat (AmberTools 24.8) X-c1-nb-X (cg as c1)"
cp-cg-nb-cg,0,-1,2,"GAFF 1.81, from gaff-1.81.dat (AmberTools 24.8) X-c1-nb-X (cg as c1)"
cp-cg-nb-ch,0,-1,2,"GAFF 1.81, from gaff-1.81.dat (AmberTools 24.8) X-c1-nb-X (cg as c1)"
cp-cg-cg-ca,0,-1,2,"GAFF 1.81, from gaff-1.81.dat (AmberTools 24.8) X-cg-cg-X"
cp-cg-cg-ha,0,-1,2,"GAFF 1.81, from gaff-1.81.dat (AmberTools 24.8) X-cg-cg-X"
cp-cg-cg-cp,0,-1,2,"GAFF 1.81, from gaff-1.81.dat (AmberTools 24.8) X-cg-cg-X"
cp-cg-cg-nb,0,-1,2,"GAFF 1.81, from gaff-1.81.dat (AmberTools 24.8) X-cg-cg-X"
cp-cg-cg-cg,0,-1,2,"GAFF 1.81, from gaff-1.81.dat (AmberTools 24.8) X-cg-cg-X"
cp-cg-cg-ch,0,-1,2,"GAFF 1.81, from gaff-1.81.dat (AmberTools 24.8) X-cg-cg-X"
cp-cg-ch-ca,0,-1,2,"GAFF 1.81, from gaff-1.81.dat (AmberTools 24.8) X-cg-ch-X"
cp-cg-ch-ha,0,-1,2,"GAFF 1.81, from gaff-1.81.dat (AmberTools 24.8) X-cg-ch-X"
cp-cg-ch-cp,0,-1,2,"GAFF 1.81, from gaff-1.81.dat (AmberTools 24.8) X-cg-ch-X"
cp-cg-ch-nb,0,-1,2,"GAFF 1.81, from gaff-1.81.dat (AmberTools 24.8) X-cg-ch-X"
cp-cg-ch-cg,0,-1,2,"GAFF 1.81, from gaff-1.81.dat (AmberTools 24.8) X-cg-ch-X"
cp-cg-ch-ch,0,-1,2,"GAFF 1.81, from gaff-1.81.dat (AmberTools 24.8) X-cg-ch-X"
cp-ch-ca-ca,0,-1,2,"GAFF 1.81, from gaff-1.81.dat (AmberTools 24.8) X-c1-ca-X (ch as c1)"
cp-ch-ca-ha,0,-1,2,"GAFF 1.81, from gaff-1.81.dat (AmberTools 24.8) X-c1-ca-X (ch as c1)"
cp-ch-ca-cp,0,-1,2,"GAFF 1.81, from gaff-1.81.dat (AmberTools 24.8) X-c1-ca-X (ch as c1)"
cp-ch-ca-nb,0,-1,2,"GAFF 1.81, from gaff-1.81.dat (AmberTools 24.8) X-c1-ca-X (ch as c1)"
cp-ch-ca-cg,0,-1,2,"GAFF 1.81, from gaff-1.81.dat (AmberTools 24.8) X-c1-ca-X (ch as c1)"
cp-ch-ca-ch,0,-1,2,"GAFF 1.81, from gaff-1.81.dat (AmberTools 24.8) X-c1-ca-X (ch as c1)"
cp-ch-cp-ca,0,-1,2,"GAFF 1.81, from gaff-1.81.dat (AmberTools 24.8) X-c1-ca-X (ch as c1, cp as ca)"
cp-ch-cp-ha,0,-1,2,"GAFF 1.81, from gaff-1.81.dat (AmberTools 24.8) X-c1-ca-X (ch as c1, cp as ca)"
cp-ch-cp-cp,0,-1,2,"GAFF 1.81, from gaff-1.81.dat (AmberTools 24.8) X-c1-ca-X (ch as c1, cp as ca)"
cp-ch-cp-nb,0,-1,2,"GAFF 1.81, from gaff-1.81.dat (AmberTools 24.8) X-c1-ca-X (ch as c1, cp as ca)"
cp-ch-cp-cg,0,-1,2,"GAFF 1.81, from gaff-1.81.dat (AmberTools 24.8) X-c1-ca-X (ch as c1, cp as ca)"
cp-ch-cp-ch,0,-1,2,"GAFF 1.81, from gaff-1.81.dat (AmberTools 24.8) X-c1-ca-X (ch as c1, cp as ca)"
cp-ch-nb-ca,0,-1,2,"GAFF 1.81, from gaff-1.81.dat (AmberTools 24.8) X-c1-nb-X (ch as c1)"
cp-ch-nb-ha,0,-1,2,"GAFF 1.81, from gaff-1.81.dat (AmberTools 24.8) X-c1-nb-X (ch as c1)"
cp-ch-nb-cp,0,-1,2,"GAFF 1.81, from gaff-1.81.dat (AmberTools 24.8) X-c1-nb-X (ch as c1)"
cp-ch-nb-nb,0,-1,2,"GAFF 1.81, from gaff-1.81.dat (AmberTools 24.8) X-c1-nb-X (ch as c1)"
cp-ch-nb-cg,0,-1,2,"GAFF 1.81, from gaff-1.81.dat (AmberTools 24.8) X-c1-nb-X (ch as c1)"
cp-ch-nb-ch,0,-1,2,"GAFF 1.81, from gaff-1.81.dat (AmberTools 24.8) X-c1-nb-X (ch as c1)"
cp-ch-cg-ca,0,-1,2,"GAFF 1.81, from gaff-1.81.dat (AmberTools 24.8) X-cg-ch-X"
cp-ch-cg-ha,0,-1,2,"GAFF 1.81, from gaff-1.81.dat (AmberTools 24.8) X-cg-ch-X"
cp-ch-cg-cp,0,-1,2,"GAFF 1.81, from gaff-1.81.dat (AmberTools 24.8) X-cg-ch-X"
cp-ch-cg-nb,0,-1,2,"GAFF 1.81, from gaff-1.81.dat (AmberTools 24.8) X-cg-ch-X"
cp-ch-cg-cg,0,-1,2,"GAFF 1.81, from gaff-1.81.dat (AmberTools 24.8) X-cg-ch-X"
cp-ch-cg-ch,0,-1,2,"GAFF 1.81, from gaff-1.81.dat (AmberTools 24.8) X-cg-ch-X"
cp-ch-ch-ca,0,-1,2,"GAFF 1.81, from gaff-1.81.dat (AmberTools 24.8) X-ch-ch-X"
cp-ch-ch-ha,0,-1,2,"GAFF 1.81, from gaff-1.81.dat (AmberTools 24.8) X-ch-ch-X"
cp-ch-ch-cp,0,-1,2,"GAFF 1.81, from gaff-1.81.dat (AmberTools 24.8) X-ch-ch-X"
cp-ch-ch-nb,0,-1,2,"GAFF 1.81, from gaff-1.81.dat (AmberTools 24.8) X-ch-ch-X"
cp-ch-ch-cg,0,-1,2,"GAFF 1.81, from gaff-1.81.dat (AmberTools 24.8) X-ch-ch-X"
cp-ch-ch-ch,0,-1,2,"GAFF 1.81, from gaff-1.81.dat (AmberTools 24.8) X-ch-ch-X"
nb-ca-ca-ca,7.25,-1,2,"GAFF 1.81, from gaff-1.81.dat (AmberTools 24.8) X-ca-ca-X"
nb-ca-ca-ha,7.25,-1,2,"GAFF 1.81, from gaff-1.81.dat (AmberTools 24.8) X-ca-ca-X"
nb-ca-ca-cp,7.25,-1,2,"GAFF 1.81, from gaff-1.81.dat (AmberTools 24.8) X-ca-ca-X"
nb-ca-ca-nb,7.25,-1,2,"GAFF 1.81, from gaff-1.81.dat (AmberTools 24.8) X-ca-ca-X"
nb-ca-ca-cg,7.25,-1,2,"GAFF 1.81, from gaff-1.81.dat (AmberTools 24.8) X-ca-ca-X"
nb-ca-ca-ch,7.25,-1,2,"GAFF 1.81, from gaff-1.81.dat (AmberTools 24.8) X-ca-ca-X"
nb-ca-cp-ca,7.25,-1,2,"GAFF 1.81, from gaff-1.81.dat (AmberTools 24.8) X-ca-cp-X"
nb-ca-cp-ha,7.25,-1,2,"GAFF 1.81, from gaff-1.81.dat (AmberTools 24.8) X-ca-cp-X"
nb-ca-cp-cp,7.25,-1,2,"GAFF 1.81, from gaff-1.81.dat (AmberTools 24.8) X-ca-cp-X"
nb-ca-cp-nb,7.25,-1,2,"GAFF 1.81, from gaff-1.81.dat (AmberTools 24.8) X-ca-cp-X"
nb-ca-cp-cg,7.25,-1,2,"GAFF 1.81, from gaff-1.81.dat (AmberTools 24.8) X-ca-cp-X"
nb-ca-cp-ch,7.25,-1,2,"GAFF 1.81, from gaff-1.81.dat (AmberTools 24.8) X-ca-cp-X"
nb-ca-nb-ca,9.6,-1,2,"GAFF 1.81, from gaff-1.81.dat (AmberTools 24.8) X-ca-nb-X"
nb-ca-nb-ha,9.6,-1,2,"GAFF 1.81, from gaff-1.81.dat (AmberTools 24.8) X-ca-nb-X"
nb-ca-nb-cp,9.6,-1,2,"GAFF 1.81, from gaff-1.81.dat (AmberTools 24.8) X-ca-nb-X"
nb-ca-nb-nb,9.6,-1,2,"GAFF 1.81, from gaff-1.81.dat (AmberTools 24.8) X-ca-nb-X"
nb-ca-nb-cg,9.6,-1,2,"GAFF 1.81, from gaff-1.81.dat (AmberTools 24.8) X-ca-nb-X"
nb-ca-nb-ch,9.6,-1,2,"GAFF 1.81, from gaff-1.81.dat (AmberTools 24.8) X-ca-nb-X"
nb-ca-cg-ca,0,-1,2,"GAFF 1.81, from gaff-1.81.dat (AmberTools 24.8) X-c1-ca-X (cg as c1)"
nb-ca-cg-ha,0,-1,2,"GAFF 1.81, from gaff-1.81.dat (AmberTools 24.8) X-c1-ca-X (cg as c1)"
nb-ca-cg-cp,0,-1,2,"GAFF 1.81, from gaff-1.81.dat (AmberTools 24.8) X-c1-ca-X (cg as c1)"
nb-ca-cg-nb,0,-1,2,"GAFF 1.81, from gaff-1.81.dat (AmberTools 24.8) X-c1-ca-X (cg as c1)"
nb-ca-cg-cg,0,-1,2,"GAFF 1.81, from gaff-1.81.dat (AmberTools 24.8) X-c1-ca-X (cg as c1)"
nb-ca-cg-ch,0,-1,2,"GAFF 1.81, from gaff-1.81.dat (AmberTools 24.8) X-c1-ca-X (cg as c1)"
nb-ca-ch-ca,0,-1,2,"GAFF 1.81, from gaff-1.81.dat (AmberTools 24.8) X-c1-ca-X (ch as c1)"
nb-ca-ch-ha,0,-1,2,"GAFF 1.81, from gaff-1.81.dat (AmberTools 24.8) X-c1-ca-X (ch as c1)"
nb-ca-ch-cp,0,-1,2,"GAFF 1.81, from gaff-1.81.dat (AmberTools 24.8) X-c1-ca-X (ch as c1)"
nb-ca-ch-nb,0,-1,2,"GAFF 1.81, from gaff-1.81.dat (AmberTools 24.8) X-c1-ca-X (ch as c1)"
nb-ca-ch-cg,0,-1,2,"GAFF 1.81, from gaff-1.81.dat (AmberTools 24.8) X-c1-ca-X (ch as c1)"
nb-ca-ch-ch,0,-1,2,"GAFF 1.81, from gaff-1.81.dat (AmberTools 24.8) X-c1-ca-X (ch as c1)"
nb-cp-ca-ca,7.25,-1,2,"GAFF 1.81, from gaff-1.81.dat (AmberTools 24.8) X-ca-cp-X"
nb-cp-ca-ha,7.25,-1,2,"GAFF 1.81, from gaff-1.81.dat (AmberTools 24.8) X-ca-cp-X"
nb-cp-ca-cp,7.25,-1,2,"GAFF 1.81, from gaff-1.81.dat (AmberTools 24.8) X-ca-cp-X"
nb-cp-ca-nb,7.25,-1,2,"GAFF 1.81, from gaff-1.81.dat (AmberTools 24.8) X-ca-cp-X"
nb-cp-ca-cg,7.25,-1,2,"GAFF 1.81, from gaff-1.81.dat (AmberTools 24.8) X-ca-cp-X"
nb-cp-ca-ch,7.25,-1,2,"GAFF 1.81, from gaff-1.81.dat (AmberTools 24.8) X-ca-cp-X"
nb-cp-cp-ca,2,-1,2,"GAFF 1.81, from gaff-1.81.dat (AmberTools 24.8) X-cp-cp-X"
nb-cp-cp-ha,2,-1,2,"GAFF 1.81, from gaff-1.81.dat (AmberTools 24.8) X-cp-cp-X"
nb-cp-cp-cp,2,-1,2,"GAFF 1.81, from gaff-1.81.dat (AmberTools 24.8) X-cp-cp-X"
nb-cp-cp-nb,2,-1,2,"GAFF 1.81, from gaff-1.81.dat (AmberTools 24.8) X-cp-cp-X"
nb-cp-cp-cg,2,-1,2,"GAFF 1.81, from gaff-1.81.dat (AmberTools 24.8) X-cp-cp-X"
nb-cp-cp-ch,2,-1,2,"GAFF 1.81, from gaff-1.81.dat (AmberTools 24.8) X-cp-cp-X"
nb-cp-nb-ca,9.6,-1,2,"GAFF 1.81, from gaff-1.81.dat (AmberTools 24.8) X-ca-nb-X (cp as ca)"
nb-cp-nb-ha,9.6,-1,2,"GAFF 1.81, from gaff-1.81.dat (AmberTools 24.8) X-ca-nb-X (cp as ca)"
nb-cp-nb-cp,9.6,-1,2,"GAFF 1.81, from gaff-1.81.dat (AmberTools 24.8) X-ca-nb-X (cp as ca)"
nb-cp-nb-nb,9.6,-1,2,"GAFF 1.81, from gaff-1.81.dat (AmberTools 24.8) X-ca-nb-X (cp as ca)"
nb-cp-nb-cg,9.6,-1,2,"GAFF 1.81, from gaff-1.81.dat (AmberTools 24.8) X-ca-nb-X (cp as ca)"
nb-cp-nb-ch,9.6,-1,2,"GAFF 1.81, from gaff-1.81.dat (AmberTools 24.8) X-ca-nb-X (cp as ca)"
nb-cp-cg-ca,0,-1,2,"GAFF 1.81, from gaff-1.81.dat (AmberTools 24.8) X-c1-ca-X (cg as c1, cp as ca)"
nb-cp-cg-ha,0,-1,2,"GAFF 1.81, from gaff-1.81.dat (AmberTools 24.8) X-c1-ca-X (cg as c1, cp as ca)"
nb-cp-cg-cp,0,-1,2,"GAFF 1.81, from gaff-1.81.dat (AmberTools 24.8) X-c1-ca-X (cg as c1, cp as ca)"
nb-cp-cg-nb,0,-1,2,"GAFF 1.81, from gaff-1.81.dat (AmberTools 24.8) X-c1-ca-X (cg as c1, cp as ca)"
nb-cp-cg-cg,0,-1,2,"GAFF 1.81, from gaff-1.81.dat (AmberTools 24.8) X-c1-ca-X (cg as c1, cp as ca)"
nb-cp-cg-ch,0,-1,2,"GAFF 1.81, from gaff-1.81.dat (AmberTools 24.8) X-c1-ca-X (cg as c1, cp as ca)"
nb-cp-ch-ca,0,-1,2,"GAFF 1.81, from gaff-1.81.dat (AmberTools 24.8) X-c1-ca-X (ch as c1, cp as ca)"
nb-cp-ch-ha,0,-1,2,"GAFF 1.81, from gaff-1.81.dat (AmberTools 24.8) X-c1-ca-X (ch as c1, cp as ca)"
nb-cp-ch-cp,0,-1,2,"GAFF 1.81, from gaff-1.81.dat (AmberTools 24.8) X-c1-ca-X (ch as c1, cp as ca)"
nb-cp-ch-nb,0,-1,2,"GAFF 1.81, from gaff-1.81.dat (AmberTools 24.8) X-c1-ca-X (ch as c1, cp as ca)"
nb-cp-ch-cg,0,-1,2,"GAFF 1.81, from gaff-1.81.dat (AmberTools 24.8) X-c1-ca-X (ch as c1, cp as ca)"
nb-cp-ch-ch,0,-1,2,"GAFF 1.81, from gaff-1.81.dat (AmberTools 24.8) X-c1-ca-X (ch as c1, cp as ca)"
nb-nb-ca-ca,9.6,-1,2,"GAFF 1.81, from gaff-1.81.dat (AmberTools 24.8) X-ca-nb-X"
nb-nb-ca-ha,9.6,-1,2,"GAFF 1.81, from gaff-1.81.dat (AmberTools 24.8) X-ca-nb-X"
nb-nb-ca-cp,9.6,-1,2,"GAFF 1.81, from gaff-1.81.dat (AmberTools 24.8) X-ca-nb-X"
nb-nb-ca-nb,9.6,-1,2,"GAFF 1.81, from gaff-1.81.dat (AmberTools 24.8) X-ca-nb-X"
nb-nb-ca-cg,9.6,-1,2,"GAFF 1.81, from gaff-1.81.dat (AmberTools 24.8) X-ca-nb-X"
nb-nb-ca-ch,9.6,-1,2,"GAFF 1.81, from gaff-1.81.dat (AmberTools 24.8) X-ca-nb-X"
nb-nb-cp-ca,9.6,-1,2,"GAFF 1.81, from gaff-1.81.dat (AmberTools 24.8) X-ca-nb-X (cp as ca)"
nb-nb-cp-ha,9.6,-1,2,"GAFF 1.81, from gaff-1.81.dat (AmberTools 24.8) X-ca-nb-X (cp as ca)"
nb-nb-cp-cp,9.6,-1,2,"GAFF 1.81, from gaff-1.81.dat (AmberTools 24.8) X-ca-nb-X (cp as ca)"
nb-nb-cp-nb,9.6,-1,2,"GAFF 1.81, from gaff-1.81.dat (AmberTools 24.8) X-ca-nb-X (cp as ca)"
nb-nb-cp-cg,9.6,-1,2,"GAFF 1.81, from gaff-1.81.dat (AmberTools 24.8) X-ca-nb-X (cp as ca)"
nb-nb-cp-ch,9.6,-1,2,"GAFF 1.81, from gaff-1.81.dat (AmberTools 24.8) X-ca-nb-X (cp as ca)"
nb-nb-cg-ca,0,-1,2,"GAFF 1.81, from gaff-1.81.dat (AmberTools 24.8) X-c1-nb-X (cg as c1)"
nb-nb-cg-ha,0,-1,2,"GAFF 1.81, from gaff-1.81.dat (AmberTools 24.8) X-c1-nb-X (cg as c1)"
nb-nb-cg-cp,0,-1,2,"GAFF 1.81, from gaff-1.81.dat (AmberTools 24.8) X-c1-nb-X (cg as c1)"
nb-nb-cg-nb,0,-1,2,"GAFF 1.81, from gaff-1.81.dat (AmberTools 24.8) X-c1-nb-X (cg as c1)"
nb-nb-cg-cg,0,-1,2,"GAFF 1.81, from gaff-1.81.dat (AmberTools 24.8) X-c1-nb-X (cg as c1)"
nb-nb-cg-ch,0,-1,2,"GAFF 1.81, from gaff-1.81.dat (AmberTools 24.8) X-c1-nb-X (cg as c1)"
nb-nb-ch-ca,0,-1,2,"GAFF 1.81, from gaff-1.81.dat (AmberTools 24.8) X-c1-nb-X (ch as c1)"
nb-nb-ch-ha,0,-1,2,"GAFF 1.81, from gaff-1.81.dat (AmberTools 24.8) X-c1-nb-X (ch as c1)"
nb-nb-ch-cp,0,-1,2,"GAFF 1.81, from gaff-1.81.dat (AmberTools 24.8) X-c1-nb-X (ch as c1)"
nb-nb-ch-nb,0,-1,2,"GAFF 1.81, from gaff-1.81.dat (AmberTools 24.8) X-c1-nb-X (ch as c1)"
nb-nb-ch-cg,0,-1,2,"GAFF 1.81, from gaff-1.81.dat (AmberTools 24.8) X-c1-nb-X (ch as c1)"
nb-nb-ch-ch,0,-1,2,"GAFF 1.81, from gaff-1.81.dat (AmberTools 24.8) X-c1-nb-X (ch as c1)"
nb-cg-ca-ca,0,-1,2,"GAFF 1.81, from gaff-1.81.dat (AmberTools 24.8) X-c1-ca-X (cg as c1)"
nb-cg-ca-ha,0,-1,2,"GAFF 1.81, from gaff-1.81.dat (AmberTools 24.8) X-c1-ca-X (cg as c1)"
nb-cg-ca-cp,0,-1,2,"GAFF 1.81, from gaff-1.81.dat (AmberTools 24.8) X-c1-ca-X (cg as c1)"
nb-cg-ca-nb,0,-1,2,"GAFF 1.81, from gaff-1.81.dat (AmberTools 24.8) X-c1-ca-X (cg as c1)"
nb-cg-ca-cg,0,-1,2,"GAFF 1.81, from gaff-1.81.dat (AmberTools 24.8) X-c1-ca-X (cg as c1)"
nb-cg-ca-ch,0,-1,2,"GAFF 1.81, from gaff-1.81.dat (AmberTools 24.8) X-c1-ca-X (cg as c1)"
nb-cg-cp-ca,0,-1,2,"GAFF 1.81, from gaff-1.81.dat (AmberTools 24.8) X-c1-ca-X (cg as c1, cp as ca)"
nb-cg-cp-ha,0,-1,2,"GAFF 1.81, from gaff-1.81.dat (AmberTools 24.8) X-c1-ca-X (cg as c1, cp as ca)"
nb-cg-cp-cp,0,-1,2,"GAFF 1.81, from gaff-1.81.dat (AmberTools 24.8) X-c1-ca-X (cg as c1, cp as ca)"
nb-cg-cp-nb,0,-1,2,"GAFF 1.81, from gaff-1.81.dat (AmberTools 24.8) X-c1-ca-X (cg as c1, cp as ca)"
nb-cg-cp-cg,0,-1,2,"GAFF 1.81, from gaff-1.81.dat (AmberTools 24.8) X-c1-ca-X (cg as c1, cp as ca)"
nb-cg-cp-ch,0,-1,2,"GAFF 1.81, from gaff-1.81.dat (AmberTools 24.8) X-c1-ca-X (cg as c1, cp as ca)"
nb-cg-nb-ca,0,-1,2,"GAFF 1.81, from gaff-1.81.dat (AmberTools 24.8) X-c1-nb-X (cg as c1)"
nb-cg-nb-ha,0,-1,2,"GAFF 1.81, from gaff-1.81.dat (AmberTools 24.8) X-c1-nb-X (cg as c1)"
nb-cg-nb-cp,0,-1,2,"GAFF 1.81, from gaff-1.81.dat (AmberTools 24.8) X-c1-nb-X (cg as c1)"
nb-cg-nb-nb,0,-1,2,"GAFF 1.81, from gaff-1.81.dat (AmberTools 24.8) X-c1-nb-X (cg as c1)"
nb-cg-nb-cg,0,-1,2,"GAFF 1.81, from gaff-1.81.dat (AmberTools 24.8) X-c1-nb-X (cg as c1)"
nb-cg-nb-ch,0,-1,2,"GAFF 1.81, from gaff-1.81.dat (AmberTools 24.8) X-c1-nb-X (cg as c1)"
nb-cg-cg-ca,0,-1,2,"GAFF 1.81, from gaff-1.81.dat (AmberTools 24.8) X-cg-cg-X"
nb-cg-cg-ha,0,-1,2,"GAFF 1.81, from gaff-1.81.dat (AmberTools 24.8) X-cg-cg-X"
nb-cg-cg-cp,0,-1,2,"GAFF 1.81, from gaff-1.81.dat (AmberTools 24.8) X-cg-cg-X"
nb-cg-cg-nb,0,-1,2,"GAFF 1.81, from gaff-1.81.dat (AmberTools 24.8) X-cg-cg-X"
nb-cg-cg-cg,0,-1,2,"GAFF 1.81, from gaff-1.81.dat (AmberTools 24.8) X-cg-cg-X"
nb-cg-cg-ch,0,-1,2,"GAFF 1.81, from gaff-1.81.dat (AmberTools 24.8) X-cg-cg-X"
nb-cg-ch-ca,0,-1,2,"GAFF 1.81, from gaff-1.81.dat (AmberTools 24.8) X-cg-ch-X"
nb-cg-ch-ha,0,-1,2,"GAFF 1.81, from gaff-1.81.dat (AmberTools 24.8) X-cg-ch-X"
nb-cg-ch-cp,0,-1,2,"GAFF 1.81, from gaff-1.81.dat (AmberTools 24.8) X-cg-ch-X"
nb-cg-ch-nb,0,-1,2,"GAFF 1.81, from gaff-1.81.dat (AmberTools 24.8) X-cg-ch-X"
nb-cg-ch-cg,0,-1,2,"GAFF 1.81, from gaff-1.81.dat (AmberTools 24.8) X-cg-ch-X"
nb-cg-ch-ch,0,-1,2,"GAFF 1.81, from gaff-1.81.dat (AmberTools 24.8) X-cg-ch-X"
nb-ch-ca-ca,0,-1,2,"GAFF 1.81, from gaff-1.81.dat (AmberTools 24.8) X-c1-ca-X (ch as c1)"
nb-ch-ca-ha,0,-1,2,"GAFF 1.81, from gaff-1.81.dat (AmberTools 24.8) X-c1-ca-X (ch as c1)"
nb-ch-ca-cp,0,-1,2,"GAFF 1.81, from gaff-1.81.dat (AmberTools 24.8) X-c1-ca-X (ch as c1)"
nb-ch-ca-nb,0,-1,2,"GAFF 1.81, from gaff-1.81.dat (AmberTools 24.8) X-c1-ca-X (ch as c1)"
nb-ch-ca-cg,0,-1,2,"GAFF 1.81, from gaff-1.81.dat (AmberTools 24.8) X-c1-ca-X (ch as c1)"
nb-ch-ca-ch,0,-1,2,"GAFF 1.81, from gaff-1.81.dat (AmberTools 24.8) X-c1-ca-X (ch as c1)"
nb-ch-cp-ca,0,-1,2,"GAFF 1.81, from gaff-1.81.dat (AmberTools 24.8) X-c1-ca-X (ch as c1, cp as ca)"
nb-ch-cp-ha,0,-1,2,"GAFF 1.81, from gaff-1.81.dat (AmberTools 24.8) X-c1-ca-X (ch as c1, cp as ca)"
nb-ch-cp-cp,0,-1,2,"GAFF 1.81, from gaff-1.81.dat (AmberTools 24.8) X-c1-ca-X (ch as c1, cp as ca)"
nb-ch-cp-nb,0,-1,2,"GAFF 1.81, from gaff-1.81.dat (AmberTools 24.8) X-c1-ca-X (ch as c1, cp as ca)"
nb-ch-cp-cg,0,-1,2,"GAFF 1.81, from gaff-1.81.dat (AmberTools 24.8) X-c1-ca-X (ch as c1, cp as ca)"
nb-ch-cp-ch,0,-1,2,"GAFF 1.81, from gaff-1.81.dat (AmberTools 24.8) X-c1-ca-X (ch as c1, cp as ca)"
nb-ch-nb-ca,0,-1,2,"GAFF 1.81, from gaff-1.81.dat (AmberTools 24.8) X-c1-nb-X (ch as c1)"
nb-ch-nb-ha,0,-1,2,"GAFF 1.81, from gaff-1.81.dat (AmberTools 24.8) X-c1-nb-X (ch as c1)"
nb-ch-nb-cp,0,-1,2,"GAFF 1.81, from gaff-1.81.dat (AmberTools 24.8) X-c1-nb-X (ch as c1)"
nb-ch-nb-nb,0,-1,2,"GAFF 1.81, from gaff-1.81.dat (AmberTools 24.8) X-c1-nb-X (ch as c1)"
nb-ch-nb-cg,0,-1,2,"GAFF 1.81, from gaff-1.81.dat (AmberTools 24.8) X-c1-nb-X (ch as c1)"
nb-ch-nb-ch,0,-1,2,"GAFF 1.81, from gaff-1.81.dat (AmberTools 24.8) X-c1-nb-X (ch as c1)"
nb-ch-cg-ca,0,-1,2,"GAFF 1.81, from gaff-1.81.dat (AmberTools 24.8) X-cg-ch-X"
nb-ch-cg-ha,0,-1,2,"GAFF 1.81, from gaff-1.81.dat (AmberTools 24.8) X-cg-ch-X"
nb-ch-cg-cp,0,-1,2,"GAFF 1.81, from gaff-1.81.dat (AmberTools 24.8) X-cg-ch-X"
nb-ch-cg-nb,0,-1,2,"GAFF 1.81, from gaff-1.81.dat (AmberTools 24.8) X-cg-ch-X"
nb-ch-cg-cg,0,-1,2,"GAFF 1.81, from gaff-1.81.dat (AmberTools 24.8) X-cg-ch-X"
nb-ch-cg-ch,0,-1,2,"GAFF 1.81, from gaff-1.81.dat (AmberTools 24.8) X-cg-ch-X"
nb-ch-ch-ca,0,-1,2,"GAFF 1.81, from gaff-1.81.dat (AmberTools 24.8) X-ch-ch-X"
nb-ch-ch-ha,0,-1,2,"GAFF 1.81, from gaff-1.81.dat (AmberTools 24.8) X-ch-ch-X"
nb-ch-ch-cp,0,-1,2,"GAFF 1.81, from gaff-1.81.dat (AmberTools 24.8) X-ch-ch-X"
nb-ch-ch-nb,0,-1,2,"GAFF 1.81, from gaff-1.81.dat (AmberTools 24.8) X-ch-ch-X"
nb-ch-ch-cg,0,-1,2,"GAFF 1.81, from gaff-1.81.dat (AmberTools 24.8) X-ch-ch-X"
nb-ch-ch-ch,0,-1,2,"GAFF 1.81, from gaff-1.81.dat (AmberTools 24.8) X-ch-ch-X"
cg-ca-ca-ca,7.25,-1,2,"GAFF 1.81, from gaff-1.81.dat (AmberTools 24.8) X-ca-ca-X"
cg-ca-ca-ha,7.25,-1,2,"GAFF 1.81, from gaff-1.81.dat (AmberTools 24.8) X-ca-ca-X"
cg-ca-ca-cp,7.25,-1,2,"GAFF 1.81, from gaff-1.81.dat (AmberTools 24.8) X-ca-ca-X"
cg-ca-ca-nb,7.25,-1,2,"GAFF 1.81, from gaff-1.81.dat (AmberTools 24.8) X-ca-ca-X"
cg-ca-ca-cg,7.25,-1,2,"GAFF 1.81, from gaff-1.81.dat (AmberTools 24.8) X-ca-ca-X"
cg-ca-ca-ch,7.25,-1,2,"GAFF 1.81, from gaff-1.81.dat (AmberTools 24.8) X-ca-ca-X"
cg-ca-cp-ca,7.25,-1,2,"GAFF 1.81, from gaff-1.81.dat (AmberTools 24.8) X-ca-cp-X"
cg-ca-cp-ha,7.25,-1,2,"GAFF 1.81, from gaff-1.81.dat (AmberTools 24.8) X-ca-cp-X"
cg-ca-cp-cp,7.25,-1,2,"GAFF 1.81, from gaff-1.81.dat (AmberTools 24.8) X-ca-cp-X"
cg-ca-cp-nb,7.25,-1,2,"GAFF 1.81, from gaff-1.81.dat (AmberTools 24.8) X-ca-cp-X"
cg-ca-cp-cg,7.25,-1,2,"GAFF 1.81, from gaff-1.81.dat (AmberTools 24.8) X-ca-cp-X"
cg-ca-cp-ch,7.25,-1,2,"GAFF 1.81, from gaff-1.81.dat (AmberTools 24.8) X-ca-cp-X"
cg-ca-nb-ca,9.6,-1,2,"GAFF 1.81, from gaff-1.81.dat (AmberTools 24.8) X-ca-nb-X"
cg-ca-nb-ha,9.6,-1,2,"GAFF 1.81, from gaff-1.81.dat (AmberTools 24.8) X-ca-nb-X"
cg-ca-nb-cp,9.6,-1,2,"GAFF 1.81, from gaff-1.81.dat (AmberTools 24.8) X-ca-nb-X"
cg-ca-nb-nb,9.6,-1,2,"GAFF 1.81, from gaff-1.81.dat (AmberTools 24.8) X-ca-nb-X"
cg-ca-nb-cg,9.6,-1,2,"GAFF 1.81, from gaff-1.81.dat (AmberTools 24.8) X-ca-nb-X"
cg-ca-nb-ch,9.6,-1,2,"GAFF 1.81, from gaff-1.81.dat (AmberTools 24.8) X-ca-nb-X"
cg-ca-cg-ca,0,-1,2,"GAFF 1.81, from gaff-1.81.dat (AmberTools 24.8) X-c1-ca-X (cg as c1)"
cg-ca-cg-ha,0,-1,2,"GAFF 1.81, from gaff-1.81.dat (AmberTools 24.8) X-c1-ca-X (cg as c1)"
cg-ca-cg-cp,0,-1,2,"GAFF 1.81, from gaff-1.81.dat (AmberTools 24.8) X-c1-ca-X (cg as c1)"
cg-ca-cg-nb,0,-1,2,"GAFF 1.81, from gaff-1.81.dat (AmberTools 24.8) X-c1-ca-X (cg as c1)"
cg-ca-cg-cg,0,-1,2,"GAFF 1.81, from gaff-1.81.dat (AmberTools 24.8) X-c1-ca-X (cg as c1)"
cg-ca-cg-ch,0,-1,2,"GAFF 1.81, from gaff-1.81.dat (AmberTools 24.8) X-c1-ca-X (cg as c1)"
cg-ca-ch-ca,0,-1,2,"GAFF 1.81, from gaff-1.81.dat (AmberTools 24.8) X-c1-ca-X (ch as c1)"
cg-ca-ch-ha,0,-1,2,"GAFF 1.81, from gaff-1.81.dat (AmberTools 24.8) X-c1-ca-X (ch as c1)"
cg-ca-ch-cp,0,-1,2,"GAFF 1.81, from gaff-1.81.dat (AmberTools 24.8) X-c1-ca-X (ch as c1)"
cg-ca-ch-nb,0,-1,2,"GAFF 1.81, from gaff-1.81.dat (AmberTools 24.8) X-c1-ca-X (ch as c1)"
cg-ca-ch-cg,0,-1,2,"GAFF 1.81, from gaff-1.81.dat (AmberTools 24.8) X-c1-ca-X (ch as c1)"
cg-ca-ch-ch,0,-1,2,"GAFF 1.81, from gaff-1.81.dat (AmberTools 24.8) X-c1-ca-X (ch as c1)"
cg-cp-ca-ca,7.25,-1,2,"GAFF 1.81, from gaff-1.81.dat (AmberTools 24.8) X-ca-cp-X"
cg-cp-ca-ha,7.25,-1,2,"GAFF 1.81, from gaff-1.81.dat (AmberTools 24.8) X-ca-cp-X"
cg-cp-ca-cp,7.25,-1,2,"GAFF 1.81, from gaff-1.81.dat (AmberTools 24.8) X-ca-cp-X"
cg-cp-ca-nb,7.25,-1,2,"GAFF 1.81, from gaff-1.81.dat (AmberTools 24.8) X-ca-cp-X"
cg-cp-ca-cg,7.25,-1,2,"GAFF 1.81, from gaff-1.81.dat (AmberTools 24.8) X-ca-cp-X"
cg-cp-ca-ch,7.25,-1,2,"GAFF 1.81, from gaff-1.81.dat (AmberTools 24.8) X-ca-cp-X"
cg-cp-cp-ca,2,-1,2,"GAFF 1.81, from gaff-1.81.dat (AmberTools 24.8) X-cp-cp-X"
cg-cp-cp-ha,2,-1,2,"GAFF 1.81, from gaff-1.81.dat (AmberTools 24.8) X-cp-cp-X"
cg-cp-cp-cp,2,-1,2,"GAFF 1.81, from gaff-1.81.dat (AmberTools 24.8) X-cp-cp-X"
cg-cp-cp-nb,2,-1,2,"GAFF 1.81, from gaff-1.81.dat (AmberTools 24.8) X-cp-cp-X"
cg-cp-cp-cg,2,-1,2,"GAFF 1.81, from gaff-1.81.dat (AmberTools 24.8) X-cp-cp-X"
cg-cp-cp-ch,2,-1,2,"GAFF 1.81, from gaff-1.81.dat (AmberTools 24.8) X-cp-cp-X"
cg-cp-nb-ca,9.6,-1,2,"GAFF 1.81, from gaff-1.81.dat (AmberTools 24.8) X-ca-nb-X (cp as ca)"
cg-cp-nb-ha,9.6,-1,2,"GAFF 1.81, from gaff-1.81.dat (AmberTools 24.8) X-ca-nb-X (cp as ca)"
cg-cp-nb-cp,9.6,-1,2,"GAFF 1.81, from gaff-1.81.dat (AmberTools 24.8) X-ca-nb-X (cp as ca)"
cg-cp-nb-nb,9.6,-1,2,"GAFF 1.81, from gaff-1.81.dat (AmberTools 24.8) X-ca-nb-X (cp as ca)"
cg-cp-nb-cg,9.6,-1,2,"GAFF 1.81, from gaff-1.81.dat (AmberTools 24.8) X-ca-nb-X (cp as ca)"
cg-cp-nb-ch,9.6,-1,2,"GAFF 1.81, from gaff-1.81.dat (AmberTools 24.8) X-ca-nb-X (cp as ca)"
cg-cp-cg-ca,0,-1,2,"GAFF 1.81, from gaff-1.81.dat (AmberTools 24.8) X-c1-ca-X (cg as c1, cp as ca)"
cg-cp-cg-ha,0,-1,2,"GAFF 1.81, from gaff-1.81.dat (AmberTools 24.8) X-c1-ca-X (cg as c1, cp as ca)"
cg-cp-cg-cp,0,-1,2,"GAFF 1.81, from gaff-1.81.dat (AmberTools 24.8) X-c1-ca-X (cg as c1, cp as ca)"
cg-cp-cg-nb,0,-1,2,"GAFF 1.81, from gaff-1.81.dat (AmberTools 24.8) X-c1-ca-X (cg as c1, cp as ca)"
cg-cp-cg-cg,0,-1,2,"GAFF 1.81, from gaff-1.81.dat (AmberTools 24.8) X-c1-ca-X (cg as c1, cp as ca)"
cg-cp-cg-ch,0,-1,2,"GAFF 1.81, from gaff-1.81.dat (AmberTools 24.8) X-c1-ca-X (cg as c1, cp as ca)"
cg-cp-ch-ca,0,-1,2,"GAFF 1.81, from gaff-1.81.dat (AmberTools 24.8) X-c1-ca-X (ch as c1, cp as ca)"
cg-cp-ch-ha,0,-1,2,"GAFF 1.81, from gaff-1.81.dat (AmberTools 24.8) X-c1-ca-X (ch as c1, cp as ca)"
cg-cp-ch-cp,0,-1,2,"GAFF 1.81, from gaff-1.81.dat (AmberTools 24.8) X-c1-ca-X (ch as c1, cp as ca)"
cg-cp-ch-nb,0,-1,2,"GAFF 1.81, from gaff-1.81.dat (AmberTools 24.8) X-c1-ca-X (ch as c1, cp as ca)"
cg-cp-ch-cg,0,-1,2,"GAFF 1.81, from gaff-1.81.dat (AmberTools 24.8) X-c1-ca-X (ch as c1, cp as ca)"
cg-cp-ch-ch,0,-1,2,"GAFF 1.81, from gaff-1.81.dat (AmberTools 24.8) X-c1-ca-X (ch as c1, cp as ca)"
cg-nb-ca-ca,9.6,-1,2,"GAFF 1.81, from gaff-1.81.dat (AmberTools 24.8) X-ca-nb-X"
cg-nb-ca-ha,9.6,-1,2,"GAFF 1.81, from gaff-1.81.dat (AmberTools 24.8) X-ca-nb-X"
cg-nb-ca-cp,9.6,-1,2,"GAFF 1.81, from gaff-1.81.dat (AmberTools 24.8) X-ca-nb-X"
cg-nb-ca-nb,9.6,-1,2,"GAFF 1.81, from gaff-1.81.dat (AmberTools 24.8) X-ca-nb-X"
cg-nb-ca-cg,9.6,-1,2,"GAFF 1.81, from gaff-1.81.dat (AmberTools 24.8) X-ca-nb-X"
cg-nb-ca-ch,9.6,-1,2,"GAFF 1.81, from gaff-1.81.dat (AmberTools 24.8) X-ca-nb-X"
cg-nb-cp-ca,9.6,-1,2,"GAFF 1.81, from gaff-1.81.dat (AmberTools 24.8) X-ca-nb-X (cp as ca)"
cg-nb-cp-ha,9.6,-1,2,"GAFF 1.81, from gaff-1.81.dat (AmberTools 24.8) X-ca-nb-X (cp as ca)"
cg-nb-cp-cp,9.6,-1,2,"GAFF 1.81, from gaff-1.81.dat (AmberTools 24.8) X-ca-nb-X (cp as ca)"
cg-nb-cp-nb,9.6,-1,2,"GAFF 1.81, from gaff-1.81.dat (AmberTools 24.8) X-ca-nb-X (cp as ca)"
cg-nb-cp-cg,9.6,-1,2,"GAFF 1.81, from gaff-1.81.dat (AmberTools 24.8) X-ca-nb-X (cp as ca)"
cg-nb-cp-ch,9.6,-1,2,"GAFF 1.81, from gaff-1.81.dat (AmberTools 24.8) X-ca-nb-X (cp as ca)"
cg-nb-cg-ca,0,-1,2,"GAFF 1.81, from gaff-1.81.dat (AmberTools 24.8) X-c1-nb-X (cg as c1)"
cg-nb-cg-ha,0,-1,2,"GAFF 1.81, from gaff-1.81.dat (AmberTools 24.8) X-c1-nb-X (cg as c1)"
cg-nb-cg-cp,0,-1,2,"GAFF 1.81, from gaff-1.81.dat (AmberTools 24.8) X-c1-nb-X (cg as c1)"
cg-nb-cg-nb,0,-1,2,"GAFF 1.81, from gaff-1.81.dat (AmberTools 24.8) X-c1-nb-X (cg as c1)"
cg-nb-cg-cg,0,-1,2,"GAFF 1.81, from gaff-1.81.dat (AmberTools 24.8) X-c1-nb-X (cg as c1)"
cg-nb-cg-ch,0,-1,2,"GAFF 1.81, from gaff-1.81.dat (AmberTools 24.8) X-c1-nb-X (cg as c1)"
cg-nb-ch-ca,0,-1,2,"GAFF 1.81, from gaff-1.81.dat (AmberTools 24.8) X-c1-nb-X (ch as c1)"
cg-nb-ch-ha,0,-1,2,"GAFF 1.81, from gaff-1.81.dat (AmberTools 24.8) X-c1-nb-X (ch as c1)"
cg-nb-ch-cp,0,-1,2,"GAFF 1.81, from gaff-1.81.dat (AmberTools 24.8) X-c1-nb-X (ch as c1)"
cg-nb-ch-nb,0,-1,2,"GAFF 1.81, from gaff-1.81.dat (AmberTools 24.8) X-c1-nb-X (ch as c1)"
cg-nb-ch-cg,0,-1,2,"GAFF 1.81, from gaff-1.81.dat (AmberTools 24.8) X-c1-nb-X (ch as c1)"
cg-nb-ch-ch,0,-1,2,"GAFF 1.81, from gaff-1.81.dat (AmberTools 24.8) X-c1-nb-X (ch as c1)"
cg-cg-ca-ca,0,-1,2,"GAFF 1.81, from gaff-1.81.dat (AmberTools 24.8) X-c1-ca-X (cg as c1)"
cg-cg-ca-ha,0,-1,2,"GAFF 1.81, from gaff-1.81.dat (AmberTools 24.8) X-c1-ca-X (cg as c1)"
cg-cg-ca-cp,0,-1,2,"GAFF 1.81, from gaff-1.81.dat (AmberTools 24.8) X-c1-ca-X (cg as c1)"
cg-cg-ca-nb,0,-1,2,"GAFF 1.81, from gaff-1.81.dat (AmberTools 24.8) X-c1-ca-X (cg as c1)"
cg-cg-ca-cg,0,-1,2,"GAFF 1.81, from gaff-1.81.dat (AmberTools 24.8) X-c1-ca-X (cg as c1)"
cg-cg-ca-ch,0,-1,2,"GAFF 1.81, from gaff-1.81.dat (AmberTools 24.8) X-c1-ca-X (cg as c1)"
cg-cg-cp-ca,0,-1,2,"GAFF 1.81, from gaff-1.81.dat (AmberTools 24.8) X-c1-ca-X (cg as c1, cp as ca)"
cg-cg-cp-ha,0,-1,2,"GAFF 1.81, from gaff-1.81.dat (AmberTools 24.8) X-c1-ca-X (cg as c1, cp as ca)"
cg-cg-cp-cp,0,-1,2,"GAFF 1.81, from gaff-1.81.dat (AmberTools 24.8) X-c1-ca-X (cg as c1, cp as ca)"
cg-cg-cp-nb,0,-1,2,"GAFF 1.81, from gaff-1.81.dat (AmberTools 24.8) X-c1-ca-X (cg as c1, cp as ca)"
cg-cg-cp-cg,0,-1,2,"GAFF 1.81, from gaff-1.81.dat (AmberTools 24.8) X-c1-ca-X (cg as c1, cp as ca)"
cg-cg-cp-ch,0,-1,2,"GAFF 1.81, from gaff-1.81.dat (AmberTools 24.8) X-c1-ca-X (cg as c1, cp as ca)"
cg-cg-nb-ca,0,-1,2,"GAFF 1.81, from gaff-1.81.dat (AmberTools 24.8) X-c1-nb-X (cg as c1)"
cg-cg-nb-ha,0,-1,2,"GAFF 1.81, from gaff-1.81.dat (AmberTools 24.8) X-c1-nb-X (cg as c1)"
cg-cg-nb-cp,0,-1,2,"GAFF 1.81, from gaff-1.81.dat (AmberTools 24.8) X-c1-nb-X (cg as c1)"
cg-cg-nb-nb,0,-1,2,"GAFF 1.81, from gaff-1.81.dat (AmberTools 24.8) X-c1-nb-X (cg as c1)"
cg-cg-nb-cg,0,-1,2,"GAFF 1.81, from gaff-1.81.dat (AmberTools 24.8) X-c1-nb-X (cg as c1)"
cg-cg-nb-ch,0,-1,2,"GAFF 1.81, from gaff-1.81.dat (AmberTools 24.8) X-c1-nb-X (cg as c1)"
cg-cg-cg-ca,0,-1,2,"GAFF 1.81, from gaff-1.81.dat (AmberTools 24.8) X-cg-cg-X"
cg-cg-cg-ha,0,-1,2,"GAFF 1.81, from gaff-1.81.dat (AmberTools 24.8) X-cg-cg-X"
cg-cg-cg-cp,0,-1,2,"GAFF 1.81, from gaff-1.81.dat (AmberTools 24.8) X-cg-cg-X"
cg-cg-cg-nb,0,-1,2,"GAFF 1.81, from gaff-1.81.dat (AmberTools 24.8) X-cg-cg-X"
cg-cg-cg-cg,0,-1,2,"GAFF 1.81, from gaff-1.81.dat (AmberTools 24.8) X-cg-cg-X"
cg-cg-cg-ch,0,-1,2,"GAFF 1.81, from gaff-1.81.dat (AmberTools 24.8) X-cg-cg-X"
cg-cg-ch-ca,0,-1,2,"GAFF 1.81, from gaff-1.81.dat (AmberTools 24.8) X-cg-ch-X"
cg-cg-ch-ha,0,-1,2,"GAFF 1.81, from gaff-1.81.dat (AmberTools 24.8) X-cg-ch-X"
cg-cg-ch-cp,0,-1,2,"GAFF 1.81, from gaff-1.81.dat (AmberTools 24.8) X-cg-ch-X"
cg-cg-ch-nb,0,-1,2,"GAFF 1.81, from gaff-1.81.dat (AmberTools 24.8) X-cg-ch-X"
cg-cg-ch-cg,0,-1,2,"GAFF 1.81, from gaff-1.81.dat (AmberTools 24.8) X-cg-ch-X"
cg-cg-ch-ch,0,-1,2,"GAFF 1.81, from gaff-1.81.dat (AmberTools 24.8) X-cg-ch-X"
cg-ch-ca-ca,0,-1,2,"GAFF 1.81, from gaff-1.81.dat (AmberTools 24.8) X-c1-ca-X (ch as c1)"
cg-ch-ca-ha,0,-1,2,"GAFF 1.81, from gaff-1.81.dat (AmberTools 24.8) X-c1-ca-X (ch as c1)"
cg-ch-ca-cp,0,-1,2,"GAFF 1.81, from gaff-1.81.dat (AmberTools 24.8) X-c1-ca-X (ch as c1)"
cg-ch-ca-nb,0,-1,2,"GAFF 1.81, from gaff-1.81.dat (AmberTools 24.8) X-c1-ca-X (ch as c1)"
cg-ch-ca-cg,0,-1,2,"GAFF 1.81, from gaff-1.81.dat (AmberTools 24.8) X-c1-ca-X (ch as c1)"
cg-ch-ca-ch,0,-1,2,"GAFF 1.81, from gaff-1.81.dat (AmberTools 24.8) X-c1-ca-X (ch as c1)"
cg-ch-cp-ca,0,-1,2,"GAFF 1.81, from gaff-1.81.dat (AmberTools 24.8) X-c1-ca-X (ch as c1, cp as ca)"
cg-ch-cp-ha,0,-1,2,"GAFF 1.81, from gaff-1.81.dat (AmberTools 24.8) X-c1-ca-X (ch as c1, cp as ca)"
cg-ch-cp-cp,0,-1,2,"GAFF 1.81, from gaff-1.81.dat (AmberTools 24.8) X-c1-ca-X (ch as c1, cp as ca)"
cg-ch-cp-nb,0,-1,2,"GAFF 1.81, from gaff-1.81.dat (AmberTools 24.8) X-c1-ca-X (ch as c1, cp as ca)"
cg-ch-cp-cg,0,-1,2,"GAFF 1.81, from gaff-1.81.dat (AmberTools 24.8) X-c1-ca-X (ch as c1, cp as ca)"
cg-ch-cp-ch,0,-1,2,"GAFF 1.81, from gaff-1.81.dat (AmberTools 24.8) X-c1-ca-X (ch as c1, cp as ca)"
cg-ch-nb-ca,0,-1,2,"GAFF 1.81, from gaff-1.81.dat (AmberTools 24.8) X-c1-nb-X (ch as c1)"
cg-ch-nb-ha,0,-1,2,"GAFF 1.81, from gaff-1.81.dat (AmberTools 24.8) X-c1-nb-X (ch as c1)"
cg-ch-nb-cp,0,-1,2,"GAFF 1.81, from gaff-1.81.dat (AmberTools 24.8) X-c1-nb-X (ch as c1)"
cg-ch-nb-nb,0,-1,2,"GAFF 1.81, from gaff-1.81.dat (AmberTools 24.8) X-c1-nb-X (ch as c1)"
cg-ch-nb-cg,0,-1,2,"GAFF 1.81, from gaff-1.81.dat (AmberTools 24.8) X-c1-nb-X (ch as c1)"
cg-ch-nb-ch,0,-1,2,"GAFF 1.81, from gaff-1.81.dat (AmberTools 24.8) X-c1-nb-X (ch as c1)"
cg-ch-cg-ca,0,-1,2,"GAFF 1.81, from gaff-1.81.dat (AmberTools 24.8) X-cg-ch-X"
cg-ch-cg-ha,0,-1,2,"GAFF 1.81, from gaff-1.81.dat (AmberTools 24.8) X-cg-ch-X"
cg-ch-cg-cp,0,-1,2,"GAFF 1.81, from gaff-1.81.dat (AmberTools 24.8) X-cg-ch-X"
cg-ch-cg-nb,0,-1,2,"GAFF 1.81, from gaff-1.81.dat (AmberTools 24.8) X-cg-ch-X"
cg-ch-cg-cg,0,-1,2,"GAFF 1.81, from gaff-1.81.dat (AmberTools 24.8) X-cg-ch-X"
cg-ch-cg-ch,0,-1,2,"GAFF 1.81, from gaff-1.81.dat (AmberTools 24.8) X-cg-ch-X"
cg-ch-ch-ca,0,-1,2,"GAFF 1.81, from gaff-1.81.dat (AmberTools 24.8) X-ch-ch-X"
cg-ch-ch-ha,0,-1,2,"GAFF 1.81, from gaff-1.81.dat (AmberTools 24.8) X-ch-ch-X"
cg-ch-ch-cp,0,-1,2,"GAFF 1.81, from gaff-1.81.dat (AmberTools 24.8) X-ch-ch-X"
cg-ch-ch-nb,0,-1,2,"GAFF 1.81, from gaff-1.81.dat (AmberTools 24.8) X-ch-ch-X"
cg-ch-ch-cg,0,-1,2,"GAFF 1.81, from gaff-1.81.dat (AmberTools 24.8) X-ch-ch-X"
cg-ch-ch-ch,0,-1,2,"GAFF 1.81, from gaff-1.81.dat (AmberTools 24.8) X-ch-ch-X"
ch-ca-ca-ca,7.25,-1,2,"GAFF 1.81, from gaff-1.81.dat (AmberTools 24.8) X-ca-ca-X"
ch-ca-ca-ha,7.25,-1,2,"GAFF 1.81, from gaff-1.81.dat (AmberTools 24.8) X-ca-ca-X"
ch-ca-ca-cp,7.25,-1,2,"GAFF 1.81, from gaff-1.81.dat (AmberTools 24.8) X-ca-ca-X"
ch-ca-ca-nb,7.25,-1,2,"GAFF 1.81, from gaff-1.81.dat (AmberTools 24.8) X-ca-ca-X"
ch-ca-ca-cg,7.25,-1,2,"GAFF 1.81, from gaff-1.81.dat (AmberTools 24.8) X-ca-ca-X"
ch-ca-ca-ch,7.25,-1,2,"GAFF 1.81, from gaff-1.81.dat (AmberTools 24.8) X-ca-ca-X"
ch-ca-cp-ca,7.25,-1,2,"GAFF 1.81, from gaff-1.81.dat (AmberTools 24.8) X-ca-cp-X"
ch-ca-cp-ha,7.25,-1,2,"GAFF 1.81, from gaff-1.81.dat (AmberTools 24.8) X-ca-cp-X"
ch-ca-cp-cp,7.25,-1,2,"GAFF 1.81, from gaff-1.81.dat (AmberTools 24.8) X-ca-cp-X"
ch-ca-cp-nb,7.25,-1,2,"GAFF 1.81, from gaff-1.81.dat (AmberTools 24.8) X-ca-cp-X"
ch-ca-cp-cg,7.25,-1,2,"GAFF 1.81, from gaff-1.81.dat (AmberTools 24.8) X-ca-cp-X"
ch-ca-cp-ch,7.25,-1,2,"GAFF 1.81, from gaff-1.81.dat (AmberTools 24.8) X-ca-cp-X"
ch-ca-nb-ca,9.6,-1,2,"GAFF 1.81, from gaff-1.81.dat (AmberTools 24.8) X-ca-nb-X"
ch-ca-nb-ha,9.6,-1,2,"GAFF 1.81, from gaff-1.81.dat (AmberTools 24.8) X-ca-nb-X"
ch-ca-nb-cp,9.6,-1,2,"GAFF 1.81, from gaff-1.81.dat (AmberTools 24.8) X-ca-nb-X"
ch-ca-nb-nb,9.6,-1,2,"GAFF 1.81, from gaff-1.81.dat (AmberTools 24.8) X-ca-nb-X"
ch-ca-nb-cg,9.6,-1,2,"GAFF 1.81, from gaff-1.81.dat (AmberTools 24.8) X-ca-nb-X"
ch-ca-nb-ch,9.6,-1,2,"GAFF 1.81, from gaff-1.81.dat (AmberTools 24.8) X-ca-nb-X"
ch-ca-cg-ca,0,-1,2,"GAFF 1.81, from gaff-1.81.dat (AmberTools 24.8) X-c1-ca-X (cg as c1)"
ch-ca-cg-ha,0,-1,2,"GAFF 1.81, from gaff-1.81.dat (AmberTools 24.8) X-c1-ca-X (cg as c1)"
ch-ca-cg-cp,0,-1,2,"GAFF 1.81, from gaff-1.81.dat (AmberTools 24.8) X-c1-ca-X (cg as c1)"
ch-ca-cg-nb,0,-1,2,"GAFF 1.81, from gaff-1.81.dat (AmberTools 24.8) X-c1-ca-X (cg as c1)"
ch-ca-cg-cg,0,-1,2,"GAFF 1.81, from gaff-1.81.dat (AmberTools 24.8) X-c1-ca-X (cg as c1)"
ch-ca-cg-ch,0,-1,2,"GAFF 1.81, from gaff-1.81.dat (AmberTools 24.8) X-c1-ca-X (cg as c1)"
ch-ca-ch-ca,0,-1,2,"GAFF 1.81, from gaff-1.81.dat (AmberTools 24.8) X-c1-ca-X (ch as c1)"
ch-ca-ch-ha,0,-1,2,"GAFF 1.81, from gaff-1.81.dat (AmberTools 24.8) X-c1-ca-X (ch as c1)"
ch-ca-ch-cp,0,-1,2,"GAFF 1.81, from gaff-1.81.dat (AmberTools 24.8) X-c1-ca-X (ch as c1)"
ch-ca-ch-nb,0,-1,2,"GAFF 1.81, from gaff-1.81.dat (AmberTools 24.8) X-c1-ca-X (ch as c1)"
ch-ca-ch-cg,0,-1,2,"GAFF 1.81, from gaff-1.81.dat (AmberTools 24.8) X-c1-ca-X (ch as c1)"
ch-ca-ch-ch,0,-1,2,"GAFF 1.81, from gaff-1.81.dat (AmberTools 24.8) X-c1-ca-X (ch as c1)"
ch-cp-ca-ca,7.25,-1,2,"GAFF 1.81, from gaff-1.81.dat (AmberTools 24.8) X-ca-cp-X"
ch-cp-ca-ha,7.25,-1,2,"GAFF 1.81, from gaff-1.81.dat (AmberTools 24.8) X-ca-cp-X"
ch-cp-ca-cp,7.25,-1,2,"GAFF 1.81, from gaff-1.81.dat (AmberTools 24.8) X-ca-cp-X"
ch-cp-ca-nb,7.25,-1,2,"GAFF 1.81, from gaff-1.81.dat (AmberTools 24.8) X-ca-cp-X"
ch-cp-ca-cg,7.25,-1,2,"GAFF 1.81, from gaff-1.81.dat (AmberTools 24.8) X-ca-cp-X"
ch-cp-ca-ch,7.25,-1,2,"GAFF 1.81, from gaff-1.81.dat (AmberTools 24.8) X-ca-cp-X"
ch-cp-cp-ca,2,-1,2,"GAFF 1.81, from gaff-1.81.dat (AmberTools 24.8) X-cp-cp-X"
ch-cp-cp-ha,2,-1,2,"GAFF 1.81, from gaff-1.81.dat (AmberTools 24.8) X-cp-cp-X"
ch-cp-cp-cp,2,-1,2,"GAFF 1.81, from gaff-1.81.dat (AmberTools 24.8) X-cp-cp-X"
ch-cp-cp-nb,2,-1,2,"GAFF 1.81, from gaff-1.81.dat (AmberTools 24.8) X-cp-cp-X"
ch-cp-cp-cg,2,-1,2,"GAFF 1.81, from gaff-1.81.dat (AmberTools 24.8) X-cp-cp-X"
ch-cp-cp-ch,2,-1,2,"GAFF 1.81, from gaff-1.81.dat (AmberTools 24.8) X-cp-cp-X"
ch-cp-nb-ca,9.6,-1,2,"GAFF 1.81, from gaff-1.81.dat (AmberTools 24.8) X-ca-nb-X (cp as ca)"
ch-cp-nb-ha,9.6,-1,2,"GAFF 1.81, from gaff-1.81.dat (AmberTools 24.8) X-ca-nb-X (cp as ca)"
ch-cp-nb-cp,9.6,-1,2,"GAFF 1.81, from gaff-1.81.dat (AmberTools 24.8) X-ca-nb-X (cp as ca)"
ch-cp-nb-nb,9.6,-1,2,"GAFF 1.81, from gaff-1.81.dat (AmberTools 24.8) X-ca-nb-X (cp as ca)"
ch-cp-nb-cg,9.6,-1,2,"GAFF 1.81, from gaff-1.81.dat (AmberTools 24.8) X-ca-nb-X (cp as ca)"
ch-cp-nb-ch,9.6,-1,2,"GAFF 1.81, from gaff-1.81.dat (AmberTools 24.8) X-ca-nb-X (cp as ca)"
ch-cp-cg-ca,0,-1,2,"GAFF 1.81, from gaff-1.81.dat (AmberTools 24.8) X-c1-ca-X (cg as c1, cp as ca)"
ch-cp-cg-ha,0,-1,2,"GAFF 1.81, from gaff-1.81.dat (AmberTools 24.8) X-c1-ca-X (cg as c1, cp as ca)"
ch-cp-cg-cp,0,-1,2,"GAFF 1.81, from gaff-1.81.dat (AmberTools 24.8) X-c1-ca-X (cg as c1, cp as ca)"
ch-cp-cg-nb,0,-1,2,"GAFF 1.81, from gaff-1.81.dat (AmberTools 24.8) X-c1-ca-X (cg as c1, cp as ca)"
ch-cp-cg-cg,0,-1,2,"GAFF 1.81, from gaff-1.81.dat (AmberTools 24.8) X-c1-ca-X (cg as c1, cp as ca)"
ch-cp-cg-ch,0,-1,2,"GAFF 1.81, from gaff-1.81.dat (AmberTools 24.8) X-c1-ca-X (cg as c1, cp as ca)"
ch-cp-ch-ca,0,-1,2,"GAFF 1.81, from gaff-1.81.dat (AmberTools 24.8) X-c1-ca-X (ch as c1, cp as ca)"
ch-cp-ch-ha,0,-1,2,"GAFF 1.81, from gaff-1.81.dat (AmberTools 24.8) X-c1-ca-X (ch as c1, cp as ca)"
ch-cp-ch-cp,0,-1,2,"GAFF 1.81, from gaff-1.81.dat (AmberTools 24.8) X-c1-ca-X (ch as c1, cp as ca)"
ch-cp-ch-nb,0,-1,2,"GAFF 1.81, from gaff-1.81.dat (AmberTools 24.8) X-c1-ca-X (ch as c1, cp as ca)"
ch-cp-ch-cg,0,-1,2,"GAFF 1.81, from gaff-1.81.dat (AmberTools 24.8) X-c1-ca-X (ch as c1, cp as ca)"
ch-cp-ch-ch,0,-1,2,"GAFF 1.81, from gaff-1.81.dat (AmberTools 24.8) X-c1-ca-X (ch as c1, cp as ca)"
ch-nb-ca-ca,9.6,-1,2,"GAFF 1.81, from gaff-1.81.dat (AmberTools 24.8) X-ca-nb-X"
ch-nb-ca-ha,9.6,-1,2,"GAFF 1.81, from gaff-1.81.dat (AmberTools 24.8) X-ca-nb-X"
ch-nb-ca-cp,9.6,-1,2,"GAFF 1.81, from gaff-1.81.dat (AmberTools 24.8) X-ca-nb-X"
ch-nb-ca-nb,9.6,-1,2,"GAFF 1.81, from gaff-1.81.dat (AmberTools 24.8) X-ca-nb-X"
ch-nb-ca-cg,9.6,-1,2,"GAFF 1.81, from gaff-1.81.dat (AmberTools 24.8) X-ca-nb-X"
ch-nb-ca-ch,9.6,-1,2,"GAFF 1.81, from gaff-1.81.dat (AmberTools 24.8) X-ca-nb-X"
ch-nb-cp-ca,9.6,-1,2,"GAFF 1.81, from gaff-1.81.dat (AmberTools 24.8) X-ca-nb-X (cp as ca)"
ch-nb-cp-ha,9.6,-1,2,"GAFF 1.81, from gaff-1.81.dat (AmberTools 24.8) X-ca-nb-X (cp as ca)"
ch-nb-cp-cp,9.6,-1,2,"GAFF 1.81, from gaff-1.81.dat (AmberTools 24.8) X-ca-nb-X (cp as ca)"
ch-nb-cp-nb,9.6,-1,2,"GAFF 1.81, from gaff-1.81.dat (AmberTools 24.8) X-ca-nb-X (cp as ca)"
ch-nb-cp-cg,9.6,-1,2,"GAFF 1.81, from gaff-1.81.dat (AmberTools 24.8) X-ca-nb-X (cp as ca)"
ch-nb-cp-ch,9.6,-1,2,"GAFF 1.81, from gaff-1.81.dat (AmberTools 24.8) X-ca-nb-X (cp as ca)"
ch-nb-cg-ca,0,-1,2,"GAFF 1.81, from gaff-1.81.dat (AmberTools 24.8) X-c1-nb-X (cg as c1)"
ch-nb-cg-ha,0,-1,2,"GAFF 1.81, from gaff-1.81.dat (AmberTools 24.8) X-c1-nb-X (cg as c1)"
ch-nb-cg-cp,0,-1,2,"GAFF 1.81, from gaff-1.81.dat (AmberTools 24.8) X-c1-nb-X (cg as c1)"
ch-nb-cg-nb,0,-1,2,"GAFF 1.81, from gaff-1.81.dat (AmberTools 24.8) X-c1-nb-X (cg as c1)"
ch-nb-cg-cg,0,-1,2,"GAFF 1.81, from gaff-1.81.dat (AmberTools 24.8) X-c1-nb-X (cg as c1)"
ch-nb-cg-ch,0,-1,2,"GAFF 1.81, from gaff-1.81.dat (AmberTools 24.8) X-c1-nb-X (cg as c1)"
ch-nb-ch-ca,0,-1,2,"GAFF 1.81, from gaff-1.81.dat (AmberTools 24.8) X-c1-nb-X (ch as c1)"
ch-nb-ch-ha,0,-1,2,"GAFF 1.81, from gaff-1.81.dat (AmberTools 24.8) X-c1-nb-X (ch as c1)"
ch-nb-ch-cp,0,-1,2,"GAFF 1.81, from gaff-1.81.dat (AmberTools 24.8) X-c1-nb-X (ch as c1)"
ch-nb-ch-nb,0,-1,2,"GAFF 1.81, from gaff-1.81.dat (AmberTools 24.8) X-c1-nb-X (ch as c1)"
ch-nb-ch-cg,0,-1,2,"GAFF 1.81, from gaff-1.81.dat (AmberTools 24.8) X-c1-nb-X (ch as c1)"
ch-nb-ch-ch,0,-1,2,"GAFF 1.81, from gaff-1.81.dat (AmberTools 24.8) X-c1-nb-X (ch as c1)"
ch-cg-ca-ca,0,-1,2,"GAFF 1.81, from gaff-1.81.dat (AmberTools 24.8) X-c1-ca-X (cg as c1)"
ch-cg-ca-ha,0,-1,2,"GAFF 1.81, from gaff-1.81.dat (AmberTools 24.8) X-c1-ca-X (cg as c1)"
ch-cg-ca-cp,0,-1,2,"GAFF 1.81, from gaff-1.81.dat (AmberTools 24.8) X-c1-ca-X (cg as c1)"
ch-cg-ca-nb,0,-1,2,"GAFF 1.81, from gaff-1.81.dat (AmberTools 24.8) X-c1-ca-X (cg as c1)"
ch-cg-ca-cg,0,-1,2,"GAFF 1.81, from gaff-1.81.dat (AmberTools 24.8) X-c1-ca-X (cg as c1)"
ch-cg-ca-ch,0,-1,2,"GAFF 1.81, from gaff-1.81.dat (AmberTools 24.8) X-c1-ca-X (cg as c1)"
ch-cg-cp-ca,0,-1,2,"GAFF 1.81, from gaff-1.81.dat (AmberTools 24.8) X-c1-ca-X (cg as c1, cp as ca)"
ch-cg-cp-ha,0,-1,2,"GAFF 1.81, from gaff-1.81.dat (AmberTools 24.8) X-c1-ca-X (cg as c1, cp as ca)"
ch-cg-cp-cp,0,-1,2,"GAFF 1.81, from gaff-1.81.dat (AmberTools 24.8) X-c1-ca-X (cg as c1, cp as ca)"
ch-cg-cp-nb,0,-1,2,"GAFF 1.81, from gaff-1.81.dat (AmberTools 24.8) X-c1-ca-X (cg as c1, cp as ca)"
ch-cg-cp-cg,0,-1,2,"GAFF 1.81, from gaff-1.81.dat (AmberTools 24.8) X-c1-ca-X (cg as c1, cp as ca)"
ch-cg-cp-ch,0,-1,2,"GAFF 1.81, from gaff-1.81.dat (AmberTools 24.8) X-c1-ca-X (cg as c1, cp as ca)"
ch-cg-nb-ca,0,-1,2,"GAFF 1.81, from gaff-1.81.dat (AmberTools 24.8) X-c1-nb-X (cg as c1)"
ch-cg-nb-ha,0,-1,2,"GAFF 1.81, from gaff-1.81.dat (AmberTools 24.8) X-c1-nb-X (cg as c1)"
ch-cg-nb-cp,0,-1,2,"GAFF 1.81, from gaff-1.81.dat (AmberTools 24.8) X-c1-nb-X (cg as c1)"
ch-cg-nb-nb,0,-1,2,"GAFF 1.81, from gaff-1.81.dat (AmberTools 24.8) X-c1-nb-X (cg as c1)"
ch-cg-nb-cg,0,-1,2,"GAFF 1.81, from gaff-1.81.dat (AmberTools 24.8) X-c1-nb-X (cg as c1)"
ch-cg-nb-ch,0,-1,2,"GAFF 1.81, from gaff-1.81.dat (AmberTools 24.8) X-c1-nb-X (cg as c1)"
ch-cg-cg-ca,0,-1,2,"GAFF 1.81, from gaff-1.81.dat (AmberTools 24.8) X-cg-cg-X"
ch-cg-cg-ha,0,-1,2,"GAFF 1.81, from gaff-1.81.dat (AmberTools 24.8) X-cg-cg-X"
ch-cg-cg-cp,0,-1,2,"GAFF 1.81, from gaff-1.81.dat (AmberTools 24.8) X-cg-cg-X"
ch-cg-cg-nb,0,-1,2,"GAFF 1.81, from gaff-1.81.dat (AmberTools 24.8) X-cg-cg-X"
ch-cg-cg-cg,0,-1,2,"GAFF 1.81, from gaff-1.81.dat (AmberTools 24.8) X-cg-cg-X"
ch-cg-cg-ch,0,-1,2,"GAFF 1.81, from gaff-1.81.dat (AmberTools 24.8) X-cg-cg-X"
ch-cg-ch-ca,0,-1,2,"GAFF 1.81, from gaff-1.81.dat (AmberTools 24.8) X-cg-ch-X"
ch-cg-ch-ha,0,-1,2,"GAFF 1.81, from gaff-1.81.dat (AmberTools 24.8) X-cg-ch-X"
ch-cg-ch-cp,0,-1,2,"GAFF 1.81, from gaff-1.81.dat (AmberTools 24.8) X-cg-ch-X"
ch-cg-ch-nb,0,-1,2,"GAFF 1.81, from gaff-1.81.dat (AmberTools 24.8) X-cg-ch-X"
ch-cg-ch-cg,0,-1,2,"GAFF 1.81, from gaff-1.81.dat (AmberTools 24.8) X-cg-ch-X"
ch-cg-ch-ch,0,-1,2,"GAFF 1.81, from gaff-1.81.dat (AmberTools 24.8) X-cg-ch-X"
ch-ch-ca-ca,0,-1,2,"GAFF 1.81, from gaff-1.81.dat (AmberTools 24.8) X-c1-ca-X (ch as c1)"
ch-ch-ca-ha,0,-1,2,"GAFF 1.81, from gaff-1.81.dat (AmberTools 24.8) X-c1-ca-X (ch as c1)"
ch-ch-ca-cp,0,-1,2,"GAFF 1.81, from gaff-1.81.dat (AmberTools 24.8) X-c1-ca-X (ch as c1)"
ch-ch-ca-nb,0,-1,2,"GAFF 1.81, from gaff-1.81.dat (AmberTools 24.8) X-c1-ca-X (ch as c1)"
ch-ch-ca-cg,0,-1,2,"GAFF 1.81, from gaff-1.81.dat (AmberTools 24.8) X-c1-ca-X (ch as c1)"
ch-ch-ca-ch,0,-1,2,"GAFF 1.81, from gaff-1.81.dat (AmberTools 24.8) X-c1-ca-X (ch as c1)"
ch-ch-cp-ca,0,-1,2,"GAFF 1.81, from gaff-1.81.dat (AmberTools 24.8) X-c1-ca-X (ch as c1, cp as ca)"
ch-ch-cp-ha,0,-1,2,"GAFF 1.81, from gaff-1.81.dat (AmberTools 24.8) X-c1-ca-X (ch as c1, cp as ca)"
ch-ch-cp-cp,0,-1,2,"GAFF 1.81, from gaff-1.81.dat (AmberTools 24.8) X-c1-ca-X (ch as c1, cp as ca)"
ch-ch-cp-nb,0,-1,2,"GAFF 1.81, from gaff-1.81.dat (AmberTools 24.8) X-c1-ca-X (ch as c1, cp as ca)"
ch-ch-cp-cg,0,-1,2,"GAFF 1.81, from gaff-1.81.dat (AmberTools 24.8) X-c1-ca-X (ch as c1, cp as ca)"
ch-ch-cp-ch,0,-1,2,"GAFF 1.81, from gaff-1.81.dat (AmberTools 24.8) X-c1-ca-X (ch as c1, cp as ca)"
ch-ch-nb-ca,0,-1,2,"GAFF 1.81, from gaff-1.81.dat (AmberTools 24.8) X-c1-nb-X (ch as c1)"
ch-ch-nb-ha,0,-1,2,"GAFF 1.81, from gaff-1.81.dat (AmberTools 24.8) X-c1-nb-X (ch as c1)"
ch-ch-nb-cp,0,-1,2,"GAFF 1.81, from gaff-1.81.dat (AmberTools 24.8) X-c1-nb-X (ch as c1)"
ch-ch-nb-nb,0,-1,2,"GAFF 1.81, from gaff-1.81.dat (AmberTools 24.8) X-c1-nb-X (ch as c1)"
ch-ch-nb-cg,0,-1,2,"GAFF 1.81, from gaff-1.81.dat (AmberTools 24.8) X-c1-nb-X (ch as c1)"
ch-ch-nb-ch,0,-1,2,"GAFF 1.81, from gaff-1.81.dat (AmberTools 24.8) X-c1-nb-X (ch as c1)"
ch-ch-cg-ca,0,-1,2,"GAFF 1.81, from gaff-1.81.dat (AmberTools 24.8) X-cg-ch-X"
ch-ch-cg-ha,0,-1,2,"GAFF 1.81, from gaff-1.81.dat (AmberTools 24.8) X-cg-ch-X"
ch-ch-cg-cp,0,-1,2,"GAFF 1.81, from gaff-1.81.dat (AmberTools 24.8) X-cg-ch-X"
ch-ch-cg-nb,0,-1,2,"GAFF 1.81, from gaff-1.81.dat (AmberTools 24.8) X-cg-ch-X"
ch-ch-cg-cg,0,-1,2,"GAFF 1.81, from gaff-1.81.dat (AmberTools 24.8) X-cg-ch-X"
ch-ch-cg-ch,0,-1,2,"GAFF 1.81, from gaff-1.81.dat (AmberTools 24.8) X-cg-ch-X"
ch-ch-ch-ca,0,-1,2,"GAFF 1.81, from gaff-1.81.dat (AmberTools 24.8) X-ch-ch-X"
ch-ch-ch-ha,0,-1,2,"GAFF 1.81, from gaff-1.81.dat (AmberTools 24.8) X-ch-ch-X"
ch-ch-ch-cp,0,-1,2,"GAFF 1.81, from gaff-1.81.dat (AmberTools 24.8) X-ch-ch-X"
ch-ch-ch-nb,0,-1,2,"GAFF 1.81, from gaff-1.81.dat (AmberTools 24.8) X-ch-ch-X"
ch-ch-ch-cg,0,-1,2,"GAFF 1.81, from gaff-1.81.dat (AmberTools 24.8) X-ch-ch-X"
ch-ch-ch-ch,0,-1,2,"GAFF 1.81, from gaff-1.81.dat (AmberTools 24.8) X-ch-ch-X"
